{"amount_of_iterations": 50, "tokens_list": ["'CLS'", "'morena'", "'baccarin'", "'was'", "'incapable'", "'of'", "'being'", "'in'", "'the'", "'film'", "'stargate'", "':'", "'the'", "'ark'", "'of'", "'truth'", "'.'", "'SEP'", "'morena'", "'silva'", "'de'", "'vaz'", "'setta'", "'baccarin'", "'-'", "'lrb'", "'-'", "'-'", "'lsb'", "'-'", "'mo\u02c8\u027een\u0250'", "'\u02c8baka\u027ei'", "'-'", "'rsb'", "'-'", "';'", "'born'", "'june'", "'2'", "','", "'1979'", "'-'", "'rrb'", "'-'", "'is'", "'a'", "'brazilian'", "'american'", "'actress'", "'.'", "'she'", "'is'", "'known'", "'for'", "'portraying'", "'inara'", "'serra'", "'in'", "'the'", "'series'", "'firefly'", "'and'", "'the'", "'follow'", "'-'", "'up'", "'film'", "'serenity'", "','", "'adria'", "'in'", "'the'", "'series'", "'stargate'", "'sg'", "'-'", "'1'", "'and'", "'the'", "'follow'", "'-'", "'up'", "'film'", "'stargate'", "':'", "'the'", "'ark'", "'of'", "'truth'", "','", "'anna'", "'in'", "'the'", "'2009'", "'version'", "'of'", "'the'", "'series'", "'v'", "','", "'vanessa'", "'in'", "'the'", "'superhero'", "'comedy'", "'film'", "'deadpool'", "','", "'and'", "'jessica'", "'brody'", "'in'", "'the'", "'showtime'", "'series'", "'homeland'", "'-'", "'lrb'", "'-'", "'for'", "'which'", "'she'", "'received'", "'an'", "'emmy'", "'nomination'", "'for'", "'outstanding'", "'supporting'", "'actress'", "'in'", "'a'", "'drama'", "'series'", "'in'", "'2013'", "'-'", "'rrb'", "'-'", "'.'", "'she'", "'plays'", "'the'", "'role'", "'of'", "'dr'", "'.'", "'leslie'", "'thompkins'", "'in'", "'the'", "'fox'", "'television'", "'series'", "'gotham'", "'.'", "'SEP'"], "scores_list": [0.0, 0.0, 0.0, 0.0, 0.0, 0.0, 0.0, 0.0, 0.0, 0.0, 0.0, 0.0, 0.0, 0.0, 0.0, 0.0, 0.0, 0.0, -0.02121889182012734, 0.02859079990094544, 0.041752044939489835, 0.043617383448785095, 0.044731292797788626, 0.026409088834706943, 0.0019657251640850964, -0.003986811036519627, -0.005401668934414737, -0.010398148453802178, -0.03860085414057062, -0.03394976877566551, 0.011218903111549262, -0.03277948558901115, -0.012907971371923961, -0.013826302348563836, 0.0033633165906738925, -0.0005220195890550941, 0.0017021791281459503, 0.009297228305639223, -0.0029746938544753096, -0.009146437576249446, -0.0075132469045403015, -0.01199929186714025, -0.03059300519887801, -0.04120547668361802, -0.08406970458719297, -0.07371614028769846, -0.09019903992874781, -0.007678785623683146, 0.0032772623418220437, 0.10877444667409243, -0.040096490824084494, -0.030220993082602104, -0.09811382538725234, 0.02610245510170251, -0.08863340579141522, 0.05330979990829052, 0.180574906675681, -0.0005339835231590341, 0.04382413851869551, 0.056801987447845516, 0.06300199297849163, 0.03863433780321795, 0.04707656269671558, 0.06350636601457713, 0.021438212655390063, 0.042065967420215886, 0.06542433723611658, 0.1480908203240478, 0.015096662280294762, 0.08917306146422846, 0.05789636203687545, 0.051503148535519336, 0.011909525687102978, 0.05155787387710387, -0.23424519791650816, -0.02426711043233925, -0.07112225863880031, -0.029306510770073062, -0.02814124119030986, 0.0395624077067466, -0.017083808451441914, 0.13669254432566957, -0.040342611133924455, 0.25781121794437034, 0.019154112819251688, 0.03185640473875107, -0.2111599222213367, 0.020029132249707763, 0.014602864134206937, 0.009461398118399989, 0.023961701007474055, 0.03384519127162742, 0.023766249222039997, -0.07887305808461544, 0.03686451082260056, 0.06544891524260031, 0.0004634677208951703, 0.11915674136595407, -0.08432594633010126, -0.06995966659883424, 0.1469133357761335, 0.09468639525229838, -0.018036766451645175, -0.1029672019830187, 0.07643778065856305, 0.08946740629499796, -0.21692123223153884, -0.047469531293222435, 0.01735143549303544, -0.019337000276274257, -0.07623998603823791, -0.016089811783575932, -0.0057447134166693625, 0.008468044250354629, 0.05761153124004762, -0.32532862422852354, -0.09058875795115623, -0.11231757359034468, -0.12432509540610873, 0.0035683065101919844, -0.006357529278928184, 0.06743387293775582, -0.06596319461078745, -0.11530405189968676, -0.08657152739211418, -0.020496075743850373, -0.004601504210481216, -0.2506155649367057, 0.08918994834344911, 0.32687364759602905, -0.003088556607967024, 0.022207356713808305, 0.12139356919740736, -0.09473997318650995, -0.06432310704206264, 0.011988203705271937, -0.03192355576078445, -0.06884920706697994, 0.06065776605985702, 0.007336841429465789, -0.03477549025246581, 0.03278358848928965, -0.00886517838178591, 0.033570520303204364, 0.02780190195826439, 0.019029821118115957, -0.006213778945262606, -0.042154767100280675, -0.035265326961957236, -0.027882083403305048, -0.009369423240593805, -0.07539436267113313, -0.1110648038079315, -0.08113921326187966, -0.13090843494817933, -0.10903888028384333, 0.0]}