{"amount_of_iterations": 50, "tokens_list": ["'CLS'", "'jack'", "'dorsey'", "'is'", "'33'", "'years'", "'old'", "'.'", "'SEP'", "'jack'", "'dorsey'", "'-'", "'lrb'", "'-'", "'born'", "'november'", "'19'", "','", "'1976'", "'-'", "'rrb'", "'-'", "'is'", "'an'", "'american'", "'computer'", "'programmer'", "'and'", "'internet'", "'entrepreneur'", "'widely'", "'known'", "'as'", "'a'", "'co'", "'-'", "'founder'", "'and'", "'ceo'", "'of'", "'twitter'", "','", "'and'", "'as'", "'the'", "'founder'", "'and'", "'ceo'", "'of'", "'square'", "','", "'a'", "'mobile'", "'payments'", "'company'", "'.'", "'in'", "'2008'", "','", "'he'", "'was'", "'named'", "'to'", "'the'", "'mit'", "'technology'", "'review'", "'tr35'", "'as'", "'one'", "'of'", "'the'", "'top'", "'35'", "'innovators'", "'in'", "'the'", "'world'", "'under'", "'the'", "'age'", "'of'", "'35'", "'.'", "'for'", "'2012'", "','", "'the'", "'wall'", "'street'", "'journal'", "'gave'", "'him'", "'the'", "'`'", "'`'", "'innovator'", "'of'", "'the'", "'year'", "'award'", "\"'\"", "\"'\"", "'for'", "'technology'", "'.'", "'SEP'"], "scores_list": [-0.052013165029222666, -0.028452652216375624, -0.0322402583374101, 0.643350569470338, 0.22918231625555324, 0.2384566050771598, 0.5689885669662296, 0.3127469072291134, -0.10574131058635551, 0.025856133791482133, -0.0016560655565813155, -0.006046833051388141, 0.022791193229587364, -0.0023989054401281017, 0.021480229355771284, -0.015025755287172704, 0.028713554478965585, 0.008344009129506726, 0.04967454480052379, -0.002260827613519266, -0.01695275429142347, -0.02402913989247797, 0.12083727324026002, 0.05014321394936839, 0.021231346543830763, 0.00813790401380439, -0.0075971842957169595, 0.010695477066844048, -0.014676832927661091, -0.007114764210295033, 0.003222870950908989, 0.004601961645683748, 0.030686619752017065, 0.022704972538668947, 0.0067279103497959345, 0.0070995667989061356, 0.0004322510179155566, 0.010377205694927066, -0.0036353773596316287, 0.016159229993326998, 0.0040763570969049, -0.000376052408027595, 0.0025598022470992503, 0.011149301025823248, 0.01272338924804872, 0.0002782409389994194, 0.006771223122032125, -0.011500094338043918, 0.014198227535494485, 0.014183359654230772, -0.004510474303243732, 0.002252940811652114, -0.0004192952192725727, 0.0036670920568097785, -0.04045850140073519, 0.0011073628977247801, 0.0019456929479661142, 0.005003852220295686, 0.004869731999098839, 0.0077802384561874655, 0.008577478077416352, 0.008707256178638195, 0.00337558822816975, 0.008516195845062564, 0.009430892212549372, 0.010672358115090843, 0.012193023029912563, 0.012422796709922242, 0.008893564923425187, 0.010995764037087177, 0.009989446157934682, 0.014048351633915322, 0.016623657451705857, 0.014840828741951398, 0.01369783149539145, 0.006512123759165356, 0.0016481702697488682, 0.003324377573170144, 0.004056058342949957, 0.004639136509985807, 0.013548110001641158, 0.015218726837768277, 0.012764784362210086, 0.009900738047312577, 0.006856679495882422, 0.0066768742052081284, -0.0017192182269179985, 0.0053162146077605395, 0.0031236382660640746, 0.0038185651505720005, 0.00372771473469498, 0.005166639322294835, 0.0025910639628429102, 0.0005176279538835185, 0.0014094616993231732, 0.0026596690323243332, 0.006323684694132773, -0.0015962854535236117, -0.002304056950513527, -0.016298052164832478, -0.0060127360759829294, -0.007899006856706166, -0.006979356885583198, -0.014867111033564312, -0.027408592573461128, -0.03292073303047095, -0.06742594109695574]}