{"amount_of_iterations": 50, "tokens_list": ["'CLS'", "'jack'", "'dorsey'", "'is'", "'american'", "'.'", "'SEP'", "'jack'", "'dorsey'", "'-'", "'lrb'", "'-'", "'born'", "'november'", "'19'", "','", "'1976'", "'-'", "'rrb'", "'-'", "'is'", "'an'", "'american'", "'computer'", "'programmer'", "'and'", "'internet'", "'entrepreneur'", "'widely'", "'known'", "'as'", "'a'", "'co'", "'-'", "'founder'", "'and'", "'ceo'", "'of'", "'twitter'", "','", "'and'", "'as'", "'the'", "'founder'", "'and'", "'ceo'", "'of'", "'square'", "','", "'a'", "'mobile'", "'payments'", "'company'", "'.'", "'in'", "'2008'", "','", "'he'", "'was'", "'named'", "'to'", "'the'", "'mit'", "'technology'", "'review'", "'tr35'", "'as'", "'one'", "'of'", "'the'", "'top'", "'35'", "'innovators'", "'in'", "'the'", "'world'", "'under'", "'the'", "'age'", "'of'", "'35'", "'.'", "'for'", "'2012'", "','", "'the'", "'wall'", "'street'", "'journal'", "'gave'", "'him'", "'the'", "'`'", "'`'", "'innovator'", "'of'", "'the'", "'year'", "'award'", "\"'\"", "\"'\"", "'for'", "'technology'", "'.'", "'SEP'"], "scores_list": [0.0, 0.0, 0.0, 0.0, 0.0, 0.0, 0.0, -0.07669637546623911, 0.003105567737679021, -0.004369977626478701, 0.0022308200182842466, -0.0009424046366768701, -0.05840161727439426, -0.005418110547040037, -0.004598882558234164, 0.009279249647517198, -0.0006192919269235491, 0.0005820490415046535, -0.01275929764716179, 0.016102468838854425, -0.14378907923592102, -0.15017775251930404, 0.9579314191340936, -0.14733355859018155, -0.0005148041148139096, -0.01605784630373282, -0.04000989446765726, 0.0042398712223762495, 0.0005778702682605848, -0.019732685806441577, -0.014831247231752819, -0.0012907126117690643, 0.01421982229093388, 0.007838623952378438, 0.0008854825155363844, 0.0031032614642502302, 0.009944940510021318, 0.005067359812162432, 0.0035825804587224317, -0.006431617818112075, -0.004957961508677684, -0.018300057695055577, 0.010943066764887589, -0.007930276103209757, -0.00437507857232033, 0.009777610282801155, -5.605368942060372e-05, -0.023130020601664306, 0.005487319195066089, -0.015125702345821841, -0.012879490037621842, 0.0008067720720111424, -0.001061684861910145, -0.0230078374922962, -0.01288506928692553, -0.009296809366775698, -0.0023803505789057404, -0.005429878174054001, -0.004663400396099168, -0.001551781354383555, -0.0019675734451829285, 0.0002330408066025299, 0.001727943214934202, -0.0007099041239721743, -0.0013176437328091817, 0.0034578794763663956, 0.0014387811347731704, -0.0011615165294847044, -0.00519837253251175, -0.002988523989707796, -0.00388381537277525, -0.006014377964053572, -0.0094343508445136, -0.009732878328183736, -0.012899573346815105, -0.01595513262673477, -0.020360469074928, -0.012230234458142053, -0.01380451317480397, -0.0060134972139334435, -0.0008421914907692022, -0.00015680828480948205, 0.00204341305408894, 0.002742612924408272, 0.005541312058532839, 0.005034680508151649, 0.002704596099242999, 0.0004396539766796389, 0.0014176543514027068, 0.0029786565242267853, 0.0006473318009826027, -6.092141424825939e-05, -0.0020182694657611567, -0.0018205895675048993, -0.005782112856067514, -0.007474603992657996, -0.0074817368993798745, -0.007919479152861664, -0.007811095983320621, -0.00041389583780393393, -0.0036055745166168923, -0.005636759296264908, -0.0068513874816084844, 0.007409813399816512, 0.0]}