{"amount_of_iterations": 50, "tokens_list": ["'CLS'", "'ryder'", "'is'", "'a'", "'transportation'", "'provider'", "'.'", "'SEP'", "'ryder'", "'system'", "','", "'inc'", "'.'", "','", "'or'", "'ryder'", "','", "'is'", "'an'", "'american'", "'-'", "'based'", "'provider'", "'of'", "'transportation'", "'and'", "'supply'", "'chain'", "'management'", "'products'", "','", "'and'", "'is'", "'especially'", "'known'", "'for'", "'its'", "'fleet'", "'of'", "'rental'", "'trucks'", "'.'", "'ryder'", "'specializes'", "'in'", "'fleet'", "'management'", "','", "'supply'", "'chain'", "'management'", "'and'", "'dedicated'", "'contracted'", "'carriage'", "'.'", "'ryder'", "'operates'", "'in'", "'north'", "'america'", "','", "'the'", "'united'", "'kingdom'", "'and'", "'asia'", "'.'", "'it'", "'has'", "'its'", "'headquarters'", "'in'", "'suburban'", "'miami'", "','", "'florida'", "'within'", "'miami'", "'-'", "'dade'", "'county'", "'.'", "'SEP'"], "scores_list": [0.0016211738893794985, -0.16595952377245501, -0.2569821630141132, -0.2804014423807477, -0.30168957348251263, 0.5768842989755522, -0.19704398652468771, 0.00883823655771994, -0.1285267813754785, 0.008201382320821087, -0.030154872783680012, -0.07431199261216155, -0.11300126949801659, -0.05385603874440887, 0.004252926588780659, -0.17402626566854024, -0.04059123667142984, -0.04833361331430903, -0.02939670855325586, -0.0016997834337776092, -0.027951269673261624, -0.046104825254940786, 0.15041356464646422, -0.022133576876052233, 0.4133321956435442, -0.002353377130526124, 0.050595647011608735, 0.05027404457260583, -0.10444159609712561, -0.09917383055094771, 0.017653626488636547, 0.013298830130614446, -0.04673201950294061, 0.05776637750651271, -0.09519538081306139, -0.024725492914525634, -0.00649253691890924, 0.1990714952488074, -0.0021669475010445234, -0.034678921999582696, -0.040645310995311275, 0.0027216807266400873, 0.0049096341882902935, 0.006380676805276159, 0.01769757786129349, 0.02019252930912926, 0.010027148021773164, 0.006163860664405845, -0.005291402495404586, -0.007764625301386549, -0.002100566539771269, -0.00042933812249667483, 0.009219298224470393, 0.013230530974589982, 0.01339123678696242, 0.021308987978615607, 0.023328984061635943, 0.025716146883988024, 0.0173349668472521, 0.009693203624637164, 0.0012947916481259336, 0.0034141380367210816, 0.009645987777832885, 0.011511058329648976, 0.007997221293734275, 0.009272551424824563, 0.006562212035712233, 0.0024604770625560116, 0.013159928455190498, 0.011022601683490459, 0.014667327765926563, 0.011025171329878302, 0.011117735805151721, 0.008760815758639406, 0.00320959443199557, -0.002200960576290743, -0.014717166487171966, -0.02189191764064073, -0.007362097720036155, -0.004691264481594839, -0.011114931076284109, -0.00622163718349126, 0.02443591434476554, 0.06310736004751828]}