{"amount_of_iterations": 50, "tokens_list": ["'CLS'", "'david'", "'tennant'", "'played'", "'the'", "'tenth'", "'doctor'", "'in'", "'grey'", "\"'\"", "'s'", "'anatomy'", "'.'", "'SEP'", "'david'", "'tennant'", "'-'", "'lrb'", "'-'", "'born'", "'david'", "'john'", "'mcdonald'", "';'", "'18'", "'april'", "'1971'", "'-'", "'rrb'", "'-'", "'is'", "'a'", "'scottish'", "'actor'", "'and'", "'voice'", "'actor'", "'.'", "'he'", "'is'", "'best'", "'known'", "'for'", "'his'", "'roles'", "'as'", "'the'", "'tenth'", "'doctor'", "'in'", "'the'", "'british'", "'television'", "'series'", "'doctor'", "'who'", "','", "'alec'", "'hardy'", "'in'", "'broadchurch'", "','", "'giacomo'", "'casanova'", "'in'", "'the'", "'tv'", "'serial'", "'casanova'", "','", "'kilgrave'", "'in'", "'jessica'", "'jones'", "','", "'and'", "'barty'", "'crouch'", "','", "'jr'", "'.'", "'in'", "'the'", "'film'", "'harry'", "'potter'", "'and'", "'the'", "'goblet'", "'of'", "'fire'", "'.'", "'in'", "'addition'", "'to'", "'his'", "'appearances'", "'on'", "'screen'", "','", "'he'", "'has'", "'worked'", "'as'", "'a'", "'voice'", "'actor'", "'and'", "'in'", "'theatre'", "','", "'including'", "'a'", "'critically'", "'acclaimed'", "'stage'", "'production'", "'of'", "'hamlet'", "'.'", "'in'", "'january'", "'2015'", "','", "'tennant'", "'received'", "'the'", "'national'", "'television'", "'award'", "'for'", "'special'", "'recognition'", "'.'", "'SEP'"], "scores_list": [-0.0352749405741009, 0.17369329181819998, 0.05955362463398735, -0.041336095171404234, 0.018762695470354918, 0.4967304922878971, 0.11289034403960745, 0.2544324635183352, 0.061193997782109065, 0.07055451176767272, 0.13829881853375334, 0.4460210221971825, 0.3042234102881846, -0.19134986781656857, 0.07357975659316865, 0.04049033545262586, 0.04877252447024141, 0.041144509398496114, 0.03430176179407242, 0.04462640001325802, 0.052885050754443205, 0.03450170865779129, 0.02813573484378629, 0.022076728147559285, 0.012131857401062983, 0.021159334696407205, 0.01819211183206997, 0.011302832170311165, 0.015587305450910938, 0.019046833440647386, 0.023030454894614943, 0.017630753753373106, 0.025167495691647678, 0.0345827840324651, 0.03667329042717876, 0.04666888249854592, 0.03938545660264685, 0.0324834800935421, -0.266981933683252, -0.05927396344958909, 0.027013242717917222, 0.017113392121197814, 0.05630099545167127, 0.06120691306486657, 0.03442433958580512, 0.016502783357907915, 0.036066394039145536, 0.006757794606814864, -0.06661217754609512, 0.22456569044450783, 0.04741126264294332, 0.08738528849484012, -0.0211398143051883, 0.025194020880915522, 0.05386420530628949, 0.19056235524661957, -0.002726198254254524, -0.031869046584973436, -0.020570934152431573, 0.012974121889450583, -0.014864353074745776, -0.006643862727367434, -0.025135814434517872, -0.0019510702174597595, 0.13006571322738636, 0.041005021633120385, 0.010114790404997548, 0.015650112827991364, 0.01422611620793037, 0.0022358759742923165, 0.01557716872105316, 0.10720500761990136, -0.003022700961011671, 0.01861896628063572, -0.03813700291351425, -0.0015807773672713366, 0.004892910137174625, -0.040026681853799824, -0.015222747740177489, -0.00023584763519928807, -0.0025030859446579434, 0.002749961487927374, 0.010908883231569641, 0.023731990518869525, 0.012002167862599633, 0.010097298616857323, -0.024236920335637617, 0.0008054987652034537, -0.02773967961223124, 0.016130011691818755, 0.03093598662861918, -0.001181263429639882, -0.007725938176961335, 0.009402273836532285, 0.004933835303780289, 0.01522771723563437, 0.012476565568157376, 0.015767525294677807, 0.01255885539616075, 0.006077765497356163, 0.0017139590574980752, 0.002568402499850609, -0.00395184254509451, -0.0062220267573634205, 0.0028003224314262, 0.005759859911415767, 0.007756476962523881, 0.012545267401335132, 0.01658536746280289, 0.023886804368507236, 0.025423604311240716, 0.02222906953349131, 0.036576658848688624, 0.025553705293480406, 0.015303888731740305, 0.029975999718115792, 0.005513094596181907, 0.008198797936828468, -0.0014603153451719908, -0.013847873569357341, -0.01224773630933161, -0.011215087504253487, -0.04075245396996345, -0.014487023718469107, -0.027863197791449797, 0.0244217864780844, 0.03811643113431456, 0.03216015326126479, 0.03512420359916, 0.03548219305854332, 0.02920665319738213, 0.023873505219259697, 0.03699560425115984, 0.029506598401114564, -0.019233630497696982]}