{"amount_of_iterations": 50, "tokens_list": ["'CLS'", "'hadera'", "'contains'", "'only'", "'natural'", "'born'", "'citizens'", "'.'", "'SEP'", "'hadera'", "'is'", "'a'", "'city'", "'located'", "'in'", "'the'", "'haifa'", "'district'", "'of'", "'israel'", "','", "'in'", "'the'", "'northern'", "'sharon'", "'region'", "','", "'approximately'", "'45'", "'kilometers'", "'-'", "'lrb'", "'-'", "'28'", "'miles'", "'-'", "'rrb'", "'-'", "'from'", "'the'", "'major'", "'cities'", "'of'", "'tel'", "'aviv'", "'and'", "'haifa'", "'.'", "'the'", "'city'", "'is'", "'located'", "'along'", "'7'", "'km'", "'-'", "'lrb'", "'-'", "'5'", "'mi'", "'-'", "'rrb'", "'-'", "'of'", "'the'", "'israeli'", "'mediterranean'", "'coastal'", "'plain'", "'.'", "'the'", "'city'", "'has'", "'a'", "'population'", "'of'", "'about'", "'91'", "','", "'634'", "','", "'which'", "'includes'", "'a'", "'high'", "'proportion'", "'of'", "'immigrants'", "'arriving'", "'since'", "'1990'", "','", "'notably'", "'from'", "'ethiopia'", "'and'", "'the'", "'former'", "'soviet'", "'union'", "'.'", "'in'", "'it'", "'had'", "'a'", "'population'", "'of'", "'.'", "'hadera'", "'was'", "'established'", "'in'", "'1891'", "'as'", "'a'", "'farming'", "'colony'", "'by'", "'members'", "'of'", "'the'", "'zionist'", "'group'", "','", "'hovevei'", "'zion'", "','", "'from'", "'lithuania'", "'and'", "'latvia'", "'.'", "'by'", "'1948'", "','", "'it'", "'was'", "'a'", "'regional'", "'center'", "'with'", "'a'", "'population'", "'of'", "'11'", "','", "'800'", "'.'", "'in'", "'1952'", "','", "'hadera'", "'was'", "'declared'", "'a'", "'city'", "','", "'with'", "'jurisdiction'", "'over'", "'an'", "'area'", "'of'", "'53'", "','", "'000'", "'dunams'", "'.'", "'SEP'"], "scores_list": [-0.0121765389551092, 0.03879112464965098, -0.024934442745513086, 0.9954907687885175, 0.006718344187942011, 0.002761307503511623, 0.014286148136822016, 0.02874398013421411, -0.04021422510893317, 0.022927431049473042, 0.010898579828870958, 0.004907570394792441, 0.006146322346706431, 0.0062204714189314685, 0.000363455376219051, 0.0010078023911751343, 0.003089022677412457, 0.00027209546596898484, 0.0010502108300774597, 0.0011037644168483878, 0.002337633594840706, 0.0033780993745708967, 0.002133980546110402, 0.00045766637937594897, 0.0011962461858648847, -0.001660695968114519, 0.0011045901623094251, -0.00023505598152984448, -0.0023968119904494707, -0.0011148947199446878, -0.0005223884445575109, -0.0012005961854331137, -0.0009771417961597997, -0.0013779107573083196, 0.00043364085679557806, 0.00029917459643713273, 0.0016675499651317433, -0.0017723051125288676, -0.000664941633421857, 0.0001422860810967635, 0.0012424588483578095, 0.0005042418220666411, -0.0006153703865645471, -0.00019022608831307513, 0.000244934448427202, 0.00034426686295766347, 0.0006623662446739492, -0.00030648112948454613, 0.0003765980974293128, -0.0004163921040798782, 0.0008482286741322264, 0.0008288567747990616, -0.0005573035820455312, -0.0007228207990751639, 0.000558632251147352, 0.0005294219224482659, 0.001005024775244632, 0.00022223903162873053, 0.0014010534323624449, 0.0022316409596546665, 6.854477013540938e-05, -0.0005068740550479862, 0.0008182612438279755, 0.0014361835075367676, 0.000822306003805697, 0.0011805164259725573, 0.0024845626494243603, 0.0014681355892757991, 0.0017569980171061026, 0.0006792153660863125, 0.00065697761556648, 0.0019664862927479994, -0.0014966774395455643, 0.0016093721071982988, 0.0020314101259455665, -0.0025916094237075312, -0.0013729686165564125, -0.0003175165451539314, -0.004433944906422682, 0.0006220428173911568, 0.0003473785107096834, 0.0017937223582911864, 0.0018182945969424352, -0.0005241713198072322, 0.0008072546543734215, 0.000906834383357071, 0.0027524156038521213, 0.0011110957186458242, 5.5238269440552215e-05, 0.0003599923184557746, 0.0013488947321955518, 0.0010459697482831235, 0.0017893634905382263, 0.0002896327771558881, 0.0006097545333317919, 0.000211674885525312, 0.0016582478471781625, -0.000766720557184545, 0.0004962199917169798, 0.0003881547103131155, -0.002451438457298197, 0.0005476506472091144, 0.00022810975952175625, 0.00017167095284441962, -0.001798287744992356, -0.003029016285609686, -0.000811243778559932, -0.007386391521981312, -0.006861681831175775, -0.0005992864500467423, -0.002888776171353976, -0.002656795839347716, -0.0035759033397461783, -0.004356063659484954, -0.0034588941294519497, -0.00362064569803085, -0.004142958274402904, -0.007164630314783918, -0.007949341004262936, -0.010617110206625025, -0.0042444807445091845, -0.0009360092174729201, -0.00021578479841363008, -0.00012278936988834098, 0.002964439237948021, 0.00350931520121993, 0.0015322317111626604, 0.001213272929016556, 0.002995974488430867, 0.004454897890558819, 0.0041057158677041605, 0.004458576425340546, 0.006671092391754808, 0.005924789925318918, 0.005685128014575288, 0.0058229461978720806, 0.006125732274871892, 0.0067401079871187665, 0.007628289891389107, 0.00700157371648924, 0.005691829987799128, 0.006796320566041609, 0.007950563592789102, 0.0064755139575668535, 0.005657747407340078, 0.005435481879326559, 0.0036538899531644055, 0.0034049483600490133, 0.004577082987047492, 0.0035874504263451908, 0.002370974307288264, 0.0019826661513898877, 0.0027903263773430415, 0.0030501665317305077, 0.0026768315097498666, 0.0029630959439420324, 0.0019046468234292758, 0.0013166923334369705, 0.0027615167250224127, 0.0038582633305057133, 0.0012008263406673755, -0.0002362537194382174, 0.002465560506197385, 0.0025594898269340896, 0.0017854079172706049, -7.920584110888619e-05, 0.0019419008127939488, 0.0012511020742930878, -0.027853198391943692]}