{"amount_of_iterations": 50, "tokens_list": ["'CLS'", "'david'", "'tennant'", "'played'", "'the'", "'tenth'", "'doctor'", "'in'", "'doctor'", "'who'", "'.'", "'SEP'", "'david'", "'tennant'", "'-'", "'lrb'", "'-'", "'born'", "'david'", "'john'", "'mcdonald'", "';'", "'18'", "'april'", "'1971'", "'-'", "'rrb'", "'-'", "'is'", "'a'", "'scottish'", "'actor'", "'and'", "'voice'", "'actor'", "'.'", "'he'", "'is'", "'best'", "'known'", "'for'", "'his'", "'roles'", "'as'", "'the'", "'tenth'", "'doctor'", "'in'", "'the'", "'british'", "'television'", "'series'", "'doctor'", "'who'", "','", "'alec'", "'hardy'", "'in'", "'broadchurch'", "','", "'giacomo'", "'casanova'", "'in'", "'the'", "'tv'", "'serial'", "'casanova'", "','", "'kilgrave'", "'in'", "'jessica'", "'jones'", "','", "'and'", "'barty'", "'crouch'", "','", "'jr'", "'.'", "'in'", "'the'", "'film'", "'harry'", "'potter'", "'and'", "'the'", "'goblet'", "'of'", "'fire'", "'.'", "'in'", "'addition'", "'to'", "'his'", "'appearances'", "'on'", "'screen'", "','", "'he'", "'has'", "'worked'", "'as'", "'a'", "'voice'", "'actor'", "'and'", "'in'", "'theatre'", "','", "'including'", "'a'", "'critically'", "'acclaimed'", "'stage'", "'production'", "'of'", "'hamlet'", "'.'", "'in'", "'january'", "'2015'", "','", "'tennant'", "'received'", "'the'", "'national'", "'television'", "'award'", "'for'", "'special'", "'recognition'", "'.'", "'SEP'"], "scores_list": [-0.0029712585058025926, -0.11743706083457013, -0.03439798289351044, 0.051342349714857814, 0.03225274075403813, -0.23972434816623117, 0.3220722425096726, -0.11496379699711379, -0.13382635402245488, -0.05593233984500027, -0.10741282441587609, 0.14635332513563623, -0.08214490395246604, -0.05823839425732833, -0.026969516113108844, -0.04394822581089026, -0.03309537075365004, -0.035307289449230284, -0.029161755541647263, -0.02824145210568485, -0.05257546318271936, -0.03742248698698987, -0.017673458743415783, -0.01896696308350064, -0.01420275849650472, -0.02687520326729268, -0.021480608435595423, -0.026322777188420694, -0.008609355640365692, -0.016911195952418558, -0.025813636041061527, -0.021231258022234023, -0.029819400907931348, -0.03411465025800809, -0.030932370204340722, -0.02357029180309911, 0.16668386953500228, 0.04717991696340695, -0.04716338842859874, -0.04804158642256905, -0.0313123696646431, -0.05005241634358236, -0.026301423705952467, 0.0015988356672646529, 0.0864491376296889, 0.6935899583922405, 0.298216452982079, 0.02130286383108492, -0.0063227479604545415, -0.06766048170154974, -0.012686020877823615, -0.06106337565026062, 0.2000413810138664, -0.1454083720404085, -0.017587896246579734, 0.032005674020536876, 0.02532771074622333, -0.041127545635034124, -0.012665045600283373, -0.00346284462647879, 0.009076938794672185, 0.008624091163946308, -0.02310395415350696, -0.005315351415435881, -0.013883758285982435, -0.01801535387702959, -0.007551337097219331, 0.00668261825661258, 0.006673698734404032, -0.033307186134000064, 0.0021424735669272007, -0.038661673233706687, 0.023235925854969537, 0.0071552522668253266, -0.009876814630421426, 0.030731345800903156, 0.02059377524065883, 0.008829833232137135, -0.003848426386706866, 0.00015359962252966546, -0.011287035494822068, -0.09754256126511635, -0.001592982606118828, 0.006008364874910932, 0.005188656273052242, -0.009795882439444025, 0.025868550253970495, -0.035538505628165934, -0.056307589490619515, -0.006818665822611085, -0.011160547769691274, -0.010271385705768032, -0.006607097763694986, -0.01648999445005768, -0.01346166170534706, -0.014870654715773486, -0.011438644258520224, -0.010911252811242361, -0.002660041378659586, 0.007361328773974146, 0.01933525410471803, 0.012295503792201585, 0.01203253464379345, 0.010874344052665678, 0.009911328600655108, 0.013809928003097839, 0.007314652947989855, 0.011508382779823988, -0.011160267231448976, -0.01693319818097281, -0.01976786259777083, -0.020589036637978845, -0.028674973114237536, -0.013152657423496548, -0.004215620308597119, -0.004918026170966925, 0.007232566431902259, -0.0014083482650513255, -0.008958710794617861, 0.008333513243987293, 0.004070623275177764, 0.0041042304423274355, -0.005687500397815042, -0.0010194420348325689, -0.007103047843002219, -0.016950589492945346, -0.018405396347722376, -0.033859400333505645, -0.02380153923921398, -0.007781224922615408, -0.013605737861436339, -0.017354974917006147, 0.0023424346630192593]}