{"amount_of_iterations": 50, "tokens_list": ["'CLS'", "'ryder'", "'is'", "'a'", "'transportation'", "'provider'", "'.'", "'SEP'", "'ryder'", "'system'", "','", "'inc'", "'.'", "','", "'or'", "'ryder'", "','", "'is'", "'an'", "'american'", "'-'", "'based'", "'provider'", "'of'", "'transportation'", "'and'", "'supply'", "'chain'", "'management'", "'products'", "','", "'and'", "'is'", "'especially'", "'known'", "'for'", "'its'", "'fleet'", "'of'", "'rental'", "'trucks'", "'.'", "'ryder'", "'specializes'", "'in'", "'fleet'", "'management'", "','", "'supply'", "'chain'", "'management'", "'and'", "'dedicated'", "'contracted'", "'carriage'", "'.'", "'ryder'", "'operates'", "'in'", "'north'", "'america'", "','", "'the'", "'united'", "'kingdom'", "'and'", "'asia'", "'.'", "'it'", "'has'", "'its'", "'headquarters'", "'in'", "'suburban'", "'miami'", "','", "'florida'", "'within'", "'miami'", "'-'", "'dade'", "'county'", "'.'", "'SEP'"], "scores_list": [0.0, 0.0, 0.0, 0.0, 0.0, 0.0, 0.0, 0.0, -0.09724446402493651, 0.12989000120122213, 0.03735830948095084, -0.038565210399699, -0.044844343717394326, -0.028531605218594755, -0.0367965906454, -0.010031839544359102, -0.03569321248590454, -0.2444403548822994, -0.16279230611966702, -0.04735405402076472, -0.022792714949781707, -0.106131368394946, -0.004664820863131175, 0.021453801871958385, 0.7523488880280111, 0.036742403675718696, -0.0060328934066490765, 0.1209358620700602, -0.387497129614464, -0.24235601009662736, 0.05248563702797831, 0.05079644875245108, 0.0066103339761122, 0.12841669181086623, -0.00733545085454451, 0.05159592708908612, 0.14193709005861135, 0.12066944756166487, 0.016411034099327065, 0.005916325187188606, 0.09304991208558266, 0.005559542756373517, -0.008113416094971739, -0.004660583848497235, -0.015262770812505235, -0.020676950574519654, -0.015236349609955594, -0.017312327053920693, -0.010512860691060076, 0.0033522939277928795, 0.0023400441807694948, 0.004875543135818936, 0.00586970018884962, 0.001225577975004723, 0.006511328104130615, 0.0002733593815824466, 0.01029978435991222, 0.0002260096858574411, -0.006844478138472944, -0.02253113698752011, -0.01740016290798155, -0.025301173870659277, -0.009017925298611415, -0.002413909241997076, 0.004423478786044374, 0.0033162696909797497, -0.008874533339977685, 0.004904223498622451, 0.002233181460705413, -0.010355606116642707, 0.002234179694053688, -0.0017946787875417326, -0.009194146881428668, -0.0011475369760847243, -0.009699935593078484, -0.01421506811471315, -0.00630478621092196, -0.002007707523091845, -0.005279908812173157, -0.00047006940682350114, -0.0075988431633675895, -0.008885479965797248, 0.034833169106793606, 0.0]}