{"amount_of_iterations": 50, "tokens_list": ["'CLS'", "'jack'", "'dorsey'", "'is'", "'33'", "'years'", "'old'", "'.'", "'SEP'", "'jack'", "'dorsey'", "'-'", "'lrb'", "'-'", "'born'", "'november'", "'19'", "','", "'1976'", "'-'", "'rrb'", "'-'", "'is'", "'an'", "'american'", "'computer'", "'programmer'", "'and'", "'internet'", "'entrepreneur'", "'widely'", "'known'", "'as'", "'a'", "'co'", "'-'", "'founder'", "'and'", "'ceo'", "'of'", "'twitter'", "','", "'and'", "'as'", "'the'", "'founder'", "'and'", "'ceo'", "'of'", "'square'", "','", "'a'", "'mobile'", "'payments'", "'company'", "'.'", "'in'", "'2008'", "','", "'he'", "'was'", "'named'", "'to'", "'the'", "'mit'", "'technology'", "'review'", "'tr35'", "'as'", "'one'", "'of'", "'the'", "'top'", "'35'", "'innovators'", "'in'", "'the'", "'world'", "'under'", "'the'", "'age'", "'of'", "'35'", "'.'", "'for'", "'2012'", "','", "'the'", "'wall'", "'street'", "'journal'", "'gave'", "'him'", "'the'", "'`'", "'`'", "'innovator'", "'of'", "'the'", "'year'", "'award'", "\"'\"", "\"'\"", "'for'", "'technology'", "'.'", "'SEP'"], "scores_list": [0.0, 0.0, 0.0, 0.0, 0.0, 0.0, 0.0, 0.0, 0.0, 0.02363229463084127, 0.023867380436438768, -0.0063436972921884225, 0.028334684241893924, -0.02941701362632555, 0.3289238409218143, 0.0051396753832117625, 0.2765358804832346, -0.013316731017223766, 0.14859291766182234, -0.03462275706772367, -0.02683007868935824, -0.041742646971473625, 0.5649007241600462, 0.07899790327856958, -0.03401882563998101, 0.0036439706404859055, -0.021852762420946532, 0.01735819882294704, -0.20206119929064342, 0.0014852511580701376, 0.004798008008167597, 0.03074128434462445, 0.0007147533065277114, 0.01645148142653313, 0.06049148653397127, 0.017623208618560864, 0.04742657935636081, 0.03893027554545193, -0.022545645183816434, 0.029942669975878414, 0.008906773929671515, 0.010155804234423844, 0.03155172801872152, 0.004740300608114058, 0.014865921457323673, 0.0102533112261838, 0.06929645122745864, -0.03788214579715071, 0.0166077749525003, 0.05214707939504487, 0.02577889314704488, 0.061644395352419626, 0.05306102569925085, 0.024136102519614382, 0.03057507864873557, 0.003389708706695306, 0.026736070348289696, 0.05339695657567692, 0.05072105148975493, 0.06744484654408268, 0.07849088396198918, 0.10400969534186792, 0.10391257165344742, 0.17051871286565976, 0.1362940539538717, 0.13934891625375587, 0.138481454356761, 0.13207224451195215, 0.11718175610724382, 0.10686276788129663, 0.09558462522534676, 0.07338999502910262, 0.08030730188692825, 0.08491529805929895, 0.08169612048375888, 0.1046766515589147, 0.10991254007543044, 0.07613127975303915, 0.10310993786127881, 0.08376896452104256, 0.13802754615607973, 0.10531829582489134, 0.05420871258028175, 0.06548507541613786, 0.06172246369511695, 0.03348332905454778, 0.11043583802669993, 0.13169040902789117, 0.08901313262287851, 0.0503924032176076, 0.06906507782971501, 0.09391249416699735, 0.0557685456506375, 0.031682988920017086, 0.017904724566582618, 0.019054298968138268, 0.024410030016783723, -0.012460172973998497, 0.017729241277160798, -0.057912453085634856, 0.0017483180978938866, -0.020304846847744005, -0.006886570021761134, -0.03115625035026807, -0.06700066178838825, -0.02136518679172588, 0.0]}