{"amount_of_iterations": 50, "tokens_list": ["'CLS'", "'jack'", "'dorsey'", "'is'", "'american'", "'.'", "'SEP'", "'jack'", "'dorsey'", "'-'", "'lrb'", "'-'", "'born'", "'november'", "'19'", "','", "'1976'", "'-'", "'rrb'", "'-'", "'is'", "'an'", "'american'", "'computer'", "'programmer'", "'and'", "'internet'", "'entrepreneur'", "'widely'", "'known'", "'as'", "'a'", "'co'", "'-'", "'founder'", "'and'", "'ceo'", "'of'", "'twitter'", "','", "'and'", "'as'", "'the'", "'founder'", "'and'", "'ceo'", "'of'", "'square'", "','", "'a'", "'mobile'", "'payments'", "'company'", "'.'", "'in'", "'2008'", "','", "'he'", "'was'", "'named'", "'to'", "'the'", "'mit'", "'technology'", "'review'", "'tr35'", "'as'", "'one'", "'of'", "'the'", "'top'", "'35'", "'innovators'", "'in'", "'the'", "'world'", "'under'", "'the'", "'age'", "'of'", "'35'", "'.'", "'for'", "'2012'", "','", "'the'", "'wall'", "'street'", "'journal'", "'gave'", "'him'", "'the'", "'`'", "'`'", "'innovator'", "'of'", "'the'", "'year'", "'award'", "\"'\"", "\"'\"", "'for'", "'technology'", "'.'", "'SEP'"], "scores_list": [-0.0005430885841947692, 0.01201615386859848, 0.011188922069050682, -0.25693717177824305, 0.14230542534082152, -0.2570247735822487, 0.04732533725994689, 0.017269900269737366, 0.02458563943113522, 0.00793161218108356, -0.004284438390559454, 0.00982159765245089, -0.06409742892786852, 0.011496094685012517, -0.00855808240168027, 0.009738529677052363, -0.011759553520838802, -0.0016740626735029217, -0.010132089096665626, -0.020367133981202795, -0.13142383361826848, 0.007199442560653422, 0.8935564614258539, -0.11270336419340589, -0.0010694998453268279, 0.010378165207007335, -0.04551961614026802, 0.003252933715643276, -0.008319681753308524, -0.010062697598733766, -0.013263790863686087, -0.0020552584905018842, 0.01077523113363957, 0.002112582826336089, -0.0020941876586164773, -0.003229412674448704, 0.018333199188284934, -0.005642105172789425, 0.012818070217193006, 0.004828942897692428, 0.010883961338465404, -0.016249394483346072, -0.011583462728268549, -0.021784654162798695, -0.0040629395598601875, 0.016994729109928896, -0.0026246756965747032, -0.04219173248420489, 0.014416700866220034, -0.008074945066005822, -0.037535752798281224, 0.0018498198423448544, -0.015287129800726348, -0.0028488957582659454, 0.0023923590550967485, -0.0004848390850873413, -0.002148308663951291, -0.0044072774877106455, -0.0029813553779727974, 0.014747830958802189, 0.010145504734265702, 0.010742497230125277, -0.00295866409704591, -0.0013229519921417053, 0.001968232788973451, -0.0016246535098476894, 0.003953205599092805, 0.004428066610974737, 0.0019985896001918266, -0.0018056307259923705, -0.00364520535606525, -0.003239065010523688, 0.0013603754576535997, -0.007599362074087807, -0.008398186270113017, 0.0021594520420041897, -0.004829628680062815, -0.002248755010879902, -0.006567237728279877, -0.004870401293111133, -0.005499110597166639, -0.003435711495661497, 0.0009320854538729327, -0.0056894300431937625, -0.004091212720270552, 0.013713394112163886, 0.024107543868699247, 0.0008871258446646055, -8.350767208900199e-05, 0.0012501429805183942, 0.00619358371983613, 0.005212172910866722, 0.003964259514892332, 0.002323411905462071, -0.0018642518347272647, -0.006840992392847092, -0.011464248125574792, -0.005221783111337135, -0.004871957640994599, 0.007714720771845408, 0.0022823813882061404, -0.0062872542762424065, -0.003583278469075352, 0.002320579903580357, 0.014173266205404446]}