{"amount_of_iterations": 50, "tokens_list": ["'CLS'", "'dunkirk'", "'('", "'2017'", "'film'", "')'", "'was'", "'not'", "'shot'", "'on'", "'imax'", "'65'", "'mm'", "'or'", "'65'", "'mm'", "'large'", "'format'", "'film'", "'stock'", "'.'", "'SEP'", "'dunkirk'", "'is'", "'an'", "'upcoming'", "'english'", "'-'", "'language'", "'war'", "'film'", "'written'", "','", "'co'", "'-'", "'produced'", "','", "'and'", "'directed'", "'by'", "'christopher'", "'nolan'", "'.'", "'set'", "'during'", "'world'", "'war'", "'ii'", "','", "'it'", "'concerns'", "'the'", "'dunkirk'", "'evacuation'", "'.'", "'the'", "'film'", "'is'", "'a'", "'co'", "'-'", "'production'", "'between'", "'the'", "'netherlands'", "','", "'the'", "'united'", "'kingdom'", "','", "'france'", "','", "'and'", "'the'", "'united'", "'states'", "'.'", "'nolan'", "'wrote'", "'the'", "'story'", "'with'", "'the'", "'intention'", "'to'", "'tell'", "'it'", "'from'", "'three'", "'perspectives'", "'-'", "'-'", "'the'", "'air'", "','", "'land'", "'and'", "'sea'", "'.'", "'efforts'", "'were'", "'made'", "'to'", "'create'", "'suspense'", "'solely'", "'through'", "'details'", "','", "'as'", "'the'", "'script'", "'contained'", "'little'", "'dialogue'", "'.'", "'filming'", "'began'", "'on'", "'23'", "'may'", "'2016'", "'in'", "'dunkirk'", "','", "'france'", "','", "'and'", "'was'", "'shot'", "'on'", "'imax'", "'65'", "'mm'", "'and'", "'65'", "'mm'", "'large'", "'format'", "'film'", "'stock'", "'by'", "'cinematographer'", "'hoyte'", "'van'", "'hoytema'", "'.'", "'dunkirk'", "'is'", "'scheduled'", "'to'", "'be'", "'released'", "'on'", "'21'", "'july'", "'2017'", "'in'", "'imax'", "'.'", "'SEP'"], "scores_list": [0.0, 0.0, 0.0, 0.0, 0.0, 0.0, 0.0, 0.0, 0.0, 0.0, 0.0, 0.0, 0.0, 0.0, 0.0, 0.0, 0.0, 0.0, 0.0, 0.0, 0.0, 0.0, 0.05435169230769616, 0.035247054304519625, 0.033721372424179066, 0.05871762572393262, 0.041058174695418434, 0.08583163065026961, 0.10703686121888403, 0.0967520281693467, 0.11037063472796407, 0.06432574209945494, 0.054214508896546894, 0.054138101235138195, 0.033446540719941624, 0.03903310356752926, 0.030999827415982513, 0.059195690933611406, 0.07782969562625797, 0.07965401745779889, 0.1015934687806267, 0.10175843955771499, 0.06325996447774705, 0.06771642689859451, 0.05380437080137765, 0.029878426693189308, 0.034069846675318115, 0.013764875614118485, -0.06313034597695286, 0.048101720678451775, 0.004774016601446432, 0.015375484495695459, 0.026836901780366875, 0.05178187834868857, 0.09604928001459938, 0.09407579707749009, 0.12118645299450174, 0.12805978214881236, 0.14285055702907604, 0.13298812977674682, 0.14584618413408187, 0.10595127713073299, 0.15338175378322846, 0.1521772108957486, 0.12754558730155993, 0.14201472983380156, 0.0960833840679773, 0.14127958360096105, 0.12930289759277383, 0.08305120722664877, 0.075191639829889, 0.08325143165328036, 0.01677660445130527, -0.024341595725259253, 0.024774749279483792, 0.02089255977450677, 0.10332246385973774, 0.0261872031311696, 0.03621197140966864, 0.03443395060990277, 0.012283710409059859, 0.03781247736813159, 0.05496637295348054, 0.047872775278352334, 0.07566871616652412, 0.07169697632061646, 0.06806207172014468, 0.1036227624116038, 0.05578229972609415, 0.037331071762530164, 0.04945839149816513, 0.031919681300656755, 0.04858509803736055, 0.0634755940057336, 0.050782567027123825, 0.06771518572206767, 0.06769145210107881, 0.06370055744676582, 0.050481835871095095, 0.021105487487703755, 0.01264713290024236, 0.037302042379875854, -0.007733913671011535, -0.0643364141887537, 0.016575635223859225, 0.001552327787017069, -0.03887559333709206, 0.03152974619857862, -0.09496070377176487, -0.057679288983804006, -0.042204752295598606, -0.0846202921906976, 0.001897824647812762, 0.03284002355860247, 0.05102285316538466, 0.13399220222517622, 0.20768070328120072, 0.08868554917872119, 0.20065088854863747, 0.07777190859693447, 0.18045397767585258, 0.06699576675979202, 0.09942616744503503, 0.07397503080252774, 0.20928532317801737, -0.018886468233332076, 0.14378153099961286, 0.07374904395277428, 0.010454170596224822, 0.22784429913069396, 0.08417998426915058, -0.05720122114890037, -0.008989257471068898, 0.0842958348098375, 0.10931030986135076, -0.006191319033282116, 0.02270458089599786, 0.016072110321247748, 0.09196008623150206, 0.16567730338183667, -0.1441792715567837, 0.11227557507099016, 0.020802165231323857, 0.01386079185356829, 0.022032883992698073, 0.012977491402292122, 0.023344403205230013, -0.03635784440297477, -0.027910931581986237, -0.05999490418653149, -0.05787582286369823, 0.025971449401309698, 0.07801811946437974, 0.17967344840437172, 0.16385863467199527, 0.0821172611550632, -0.016912449491041905, 0.05764422855638392, 0.0420194450380416, -0.09694731119438027, 0.0]}