{"amount_of_iterations": 50, "tokens_list": ["'CLS'", "'dunkirk'", "'('", "'2017'", "'film'", "')'", "'was'", "'not'", "'shot'", "'on'", "'imax'", "'65'", "'mm'", "'or'", "'65'", "'mm'", "'large'", "'format'", "'film'", "'stock'", "'.'", "'SEP'", "'dunkirk'", "'is'", "'an'", "'upcoming'", "'english'", "'-'", "'language'", "'war'", "'film'", "'written'", "','", "'co'", "'-'", "'produced'", "','", "'and'", "'directed'", "'by'", "'christopher'", "'nolan'", "'.'", "'set'", "'during'", "'world'", "'war'", "'ii'", "','", "'it'", "'concerns'", "'the'", "'dunkirk'", "'evacuation'", "'.'", "'the'", "'film'", "'is'", "'a'", "'co'", "'-'", "'production'", "'between'", "'the'", "'netherlands'", "','", "'the'", "'united'", "'kingdom'", "','", "'france'", "','", "'and'", "'the'", "'united'", "'states'", "'.'", "'nolan'", "'wrote'", "'the'", "'story'", "'with'", "'the'", "'intention'", "'to'", "'tell'", "'it'", "'from'", "'three'", "'perspectives'", "'-'", "'-'", "'the'", "'air'", "','", "'land'", "'and'", "'sea'", "'.'", "'efforts'", "'were'", "'made'", "'to'", "'create'", "'suspense'", "'solely'", "'through'", "'details'", "','", "'as'", "'the'", "'script'", "'contained'", "'little'", "'dialogue'", "'.'", "'filming'", "'began'", "'on'", "'23'", "'may'", "'2016'", "'in'", "'dunkirk'", "','", "'france'", "','", "'and'", "'was'", "'shot'", "'on'", "'imax'", "'65'", "'mm'", "'and'", "'65'", "'mm'", "'large'", "'format'", "'film'", "'stock'", "'by'", "'cinematographer'", "'hoyte'", "'van'", "'hoytema'", "'.'", "'dunkirk'", "'is'", "'scheduled'", "'to'", "'be'", "'released'", "'on'", "'21'", "'july'", "'2017'", "'in'", "'imax'", "'.'", "'SEP'"], "scores_list": [-0.10133286077485539, 0.00044178303233262546, 0.029516106923927095, 0.0008575036761438899, 0.0214815907455938, 0.015318519648204526, 0.30043910474969643, 0.8948044478004148, -0.04548734718158017, 0.04536396769819999, 0.06538969861355406, -0.0004502895037593476, -0.0035495494651631015, -0.023603467846259135, 0.004295858572640998, -0.001588514342748812, -0.0029898715259336246, -5.034226856844948e-05, 0.005834139170518693, -0.006201299340000247, -0.008916645612372143, 0.012529836136454765, 0.010040578148933645, 0.009683200458007454, 0.0003183601168742127, -0.0037139457696319057, -0.0028452614871138705, -0.00021033807620304663, -0.0036228098067581584, -0.009233794278102846, -0.009300914623533154, -0.0037083328073468174, -0.002913677583245682, -8.151015482621172e-05, -0.0021362544543749263, -0.0015468514364168336, 0.0015937348364384806, -0.0011683199084767688, -0.0002972439140843308, -0.004531244356964377, -0.006064165248656542, -0.0069884773221926145, -0.006564130091869839, -0.00976352115628924, -0.005832078924665438, -0.005323886083874336, -0.0015280360002050096, 0.0012797205788648701, 0.0025545471454874813, 0.0049300044212694655, 0.0038930532030898414, 0.0020697393269425383, -0.005265406943015332, -0.007338221164984981, -0.011979804114088862, -0.012975591701914146, -0.007591269160123815, -0.006642289843194037, -0.0033042070800940984, -0.002866920051188978, 0.001521097319588734, 0.0034057668704231994, 0.004578431164465833, 0.005353921360780191, 0.0037060255331799316, 0.0044146613111056875, 0.0015028506685521993, 0.0008751144014871657, -0.0008223910626726509, -0.0022081416893071073, -0.002948296886101859, 0.000905409276684032, -0.0011772931925281207, -0.00014865052838976102, 0.0014271840111004374, 0.0023687728960694937, 0.004037376269483807, 0.005491585828167077, 0.0048407812710367735, 0.002679441941640926, -0.0001246454555508554, 0.00127392648486509, -0.0035877246122447736, -0.006495928326002997, -0.004153798940565304, -0.00010485610000204096, 0.0020895592504866474, 0.0020590624837438843, 8.63938326322143e-05, -0.0007230800531086101, 0.0026548707836063956, 0.005484073113590461, 0.002274329392287393, 0.0019504735911250056, 0.0031607956035644836, 0.0010583529782949026, 0.0018603935465600265, 0.0021477187837453124, -0.0002970571897612396, -0.0005676004430872504, 0.001993082926074857, 0.003597843863148108, 4.4569704580176615e-06, -0.00019131585574461203, 0.001196090618294723, -0.000795587282881791, 0.0011333454615486903, 0.0015573554163779131, -0.0008458076121960542, -0.0016160915205159134, -0.013742632283187069, -0.017126447400961878, -0.0070415769609341325, -0.019564081772741472, -0.027858114207860107, -0.01784205554784666, 0.001951159086861581, 0.006365117592134986, 0.009069689983605338, 0.0022092597199334287, 0.00188675337128035, 0.004032864788076979, 0.0017167562869003356, -0.0006423970602462126, -0.010233615828297937, -0.0003874666921749619, -0.01169169556216232, -0.018051649355942702, -0.017601822576138314, 0.006741545965273399, 0.004826393017807276, -0.0009708792149569434, 0.0010806109931853604, -0.0011078780421149217, 0.016738279242185034, -0.0006528720534785145, 0.0001790247575906253, -0.00016844490004675397, 0.00334172802966449, 0.008683404277194905, -0.0026723741855193936, 0.006792153460715382, 0.001082245712493589, -0.002052167628976145, -4.8475278496405176e-05, -0.001729953201744654, 0.010649472286329727, 0.016337875475959926, 0.022787974199687, 0.02110419664385459, 0.020320314446165128, 0.021166236993502032, 0.01819306627680079, 0.022090079230269993, 0.0063627850416892425, 0.002649255975716294, 0.00024465990533039826, -0.00018883673986463278, -0.0021692281879726817, -0.006091368778717286, 0.2817469669207891]}