{"amount_of_iterations": 50, "tokens_list": ["'CLS'", "'heather'", "'watson'", "'is'", "'not'", "'a'", "'tennis'", "'player'", "'.'", "'SEP'", "'heather'", "'miriam'", "'watson'", "'-'", "'lrb'", "'-'", "'born'", "'19'", "'may'", "'1992'", "'-'", "'rrb'", "'-'", "'is'", "'a'", "'british'", "'tennis'", "'player'", "'and'", "'a'", "'wimbledon'", "'mixed'", "'doubles'", "'champion'", "'.'", "'she'", "'is'", "'a'", "'former'", "'british'", "'no'", "'.'", "'1'", "'and'", "'current'", "'british'", "'no'", "'.'", "'2'", "'behind'", "'johanna'", "'konta'", "'.'", "'she'", "'holds'", "'the'", "'mixed'", "'doubles'", "'title'", "'at'", "'the'", "'2016'", "'wimbledon'", "'championships'", "'with'", "'henri'", "'kontinen'", "'.'", "'on'", "'14'", "'october'", "'2012'", "','", "'watson'", "'won'", "'her'", "'first'", "'wta'", "'singles'", "'title'", "'with'", "'a'", "'win'", "'over'", "'chang'", "'kai'", "'-'", "'chen'", "'of'", "'taiwan'", "'in'", "'the'", "'final'", "'of'", "'the'", "'japan'", "'open'", "','", "'becoming'", "'the'", "'first'", "'british'", "'female'", "'to'", "'win'", "'a'", "'wta'", "'singles'", "'title'", "'since'", "'sara'", "'gomer'", "'in'", "'1988'", "'.'", "'in'", "'her'", "'junior'", "'career'", "','", "'watson'", "'won'", "'the'", "'us'", "'open'", "'and'", "'gold'", "'at'", "'the'", "'2008'", "'commonwealth'", "'youth'", "'games'", "'.'", "'she'", "'had'", "'been'", "'as'", "'high'", "'as'", "'no'", "'.'", "'3'", "'in'", "'the'", "'world'", "'on'", "'the'", "'itf'", "'junior'", "'circuit'", "'.'", "'SEP'"], "scores_list": [-0.042855780718195534, 0.003705206988419589, 0.007135338367762655, 0.11841278299968902, 0.9814052078302384, 0.06852005467301636, 0.0606432577873046, 0.014461335250603948, 0.032146636746778826, -0.06086243266354075, 0.01745401625288101, 0.004765484391809344, 0.003414366510593565, -0.011748678454216071, 0.0009828001647633343, -0.0072904638474513474, 0.008235610070708417, 0.000676214195425412, -0.0021262060429946233, 0.000764458918422834, -0.002075340369043981, -0.0020802224472538052, -0.0024299071900468444, -0.00309558728891472, 0.0010631785596679172, 0.0021159355221082436, -0.00031071580787359846, -0.0023771578147930707, -0.004021087292166874, 0.004872633792902758, -0.0007901919288573629, -0.004977794921808605, -0.0006969168457751596, 0.0003839544463836522, -0.0013597075709588893, 0.0007864555155372271, -9.765883181520613e-05, 6.003046530093113e-05, -0.002320850302686258, -0.005117087184908077, -0.0045312152518568564, -0.0021028088620229936, 6.444011224208649e-05, -0.00011253687843452532, -0.0010033590289071459, -0.0007769740094043219, -0.00013135577753244353, 0.0008938067851345668, 0.001614294339306248, 1.138104047598243e-05, -0.00024621778417317254, -0.0017560500026311242, -0.001579230966271397, -0.0027342317733059875, -0.0024702975714100757, -0.001313904828868699, -0.00018940040009239487, 0.0004944768402383507, 6.89975163568855e-05, -7.404539472651062e-05, 0.0029225803522380687, 0.0027458417447767808, 0.0007913748506264226, 0.00027938896406403736, -0.0014086331194135338, -0.00013688607738952043, -0.0007023863784600959, 0.0018848494997045478, 0.0013928505307666671, 0.0012575376591131473, 0.000387752426045723, -0.0006246315707536301, 0.0009220476762044449, 0.0013396923027897483, 0.0011245000267782223, -6.202840851009238e-05, -0.0017624611047355025, 0.0004240453548428872, 0.000525891137088872, -0.0014917774614085296, -0.0007269076422613123, 0.0011087958582458935, 0.002478388493104739, 0.002813800533363646, 0.0010089500431586177, -3.7343067278544015e-05, 0.0013654688728004427, 0.003038100951454584, 0.0007688985544757183, -0.00021310996672889036, -4.470330138081978e-05, -0.0006586006398714383, 0.0013606990603195162, 0.0018066741429881396, 0.0002954905529778693, 0.00017258428142316143, 0.0004778775389485193, 0.0024046806952392726, 0.0005795792634944587, -0.0005775140302940516, -0.00031972530916383915, -0.001982297024043203, -0.0008105968036412178, 0.00119946996846825, 0.00010459311125563183, -7.926013102556871e-05, -0.003963822168621705, -0.004483765020951374, 7.845032110175469e-06, -0.005338332165724125, -0.0077689085222116, -0.0026389002062558384, -0.00045128324664720073, -0.005027686582059784, -0.0027400056221051293, -0.0043269513025715935, -0.00175032858327454, -0.0027866215989896027, -0.0044121619249151995, -0.013052267674974605, -0.014442191183051303, -0.014842626861806225, -0.00567589863460339, -0.002912011223595762, 0.0032258355329728215, 0.0017160564354349029, 0.002371656908294276, 0.005893139947180228, 0.006853169988163919, 0.006854335304122042, 0.005598670271298236, 0.005260900725595531, 0.007387973793281892, 0.009371550223105884, 0.008055051041279822, 0.00813626290447851, 0.010229723573619693, 0.008555777271410422, 0.004541478389616301, 0.003564040599353235, 0.006411312628136098, 0.008232036991231683, 0.008798550948993386, 0.007940152041817253, 0.00726414829855529, 0.008156556212015099, 0.007131675661438897, 0.0044468717058078495, 0.0024956539234647977, 0.001927167365342342, -0.0012403939326627895, -0.002140080791165775, 0.06872799095537865]}