{"amount_of_iterations": 50, "tokens_list": ["'CLS'", "'keeping'", "'up'", "'with'", "'the'", "'joneses'", "'starred'", "'jon'", "'hamm'", "'as'", "'a'", "'lead'", "'.'", "'SEP'", "'keeping'", "'up'", "'with'", "'the'", "'joneses'", "'is'", "'a'", "'2016'", "'american'", "'action'", "'comedy'", "'film'", "'directed'", "'by'", "'greg'", "'mottola'", "'and'", "'written'", "'by'", "'michael'", "'lesieur'", "'.'", "'starring'", "'zach'", "'galifianakis'", "','", "'jon'", "'hamm'", "','", "'isla'", "'fisher'", "'and'", "'gal'", "'gadot'", "','", "'the'", "'film'", "'follows'", "'a'", "'suburban'", "'couple'", "'-'", "'lrb'", "'-'", "'galifianakis'", "'and'", "'fisher'", "'-'", "'rrb'", "'-'", "'who'", "'begin'", "'to'", "'suspect'", "'their'", "'new'", "'neighbors'", "'-'", "'lrb'", "'-'", "'hamm'", "'and'", "'gadot'", "'-'", "'rrb'", "'-'", "'are'", "'secret'", "'agents'", "'.'", "'the'", "'film'", "'was'", "'released'", "'on'", "'october'", "'21'", "','", "'2016'", "'by'", "'20th'", "'century'", "'fox'", "','", "'received'", "'generally'", "'negative'", "'reviews'", "'and'", "'was'", "'a'", "'box'", "'office'", "'bomb'", "','", "'grossing'", "'$'", "'29'", "'million'", "'against'", "'its'", "'$'", "'40'", "'million'", "'budget'", "'.'", "'SEP'"], "scores_list": [0.12289489749645567, -0.045246124967573194, -0.03626562152955798, 0.012812244143922598, 0.03826119267348362, 0.06911864578268029, 0.15038271901507044, 0.195670422374826, -0.08404059138523971, -0.13075980658189307, 0.16261038727483787, 0.4915031708156937, -0.679443240466168, 0.07960245455011801, -0.04834896396030257, 0.00016651977663564618, -0.019903554330549827, 0.0036016313877241563, -0.01620275976892559, -0.027052390841031688, -0.026586407621461913, -0.02082475307322798, -0.024797427875678794, -0.016076243602025572, -0.035959712280681864, -0.018351802463645053, -0.005189456520037242, 0.0017040599897217245, 0.006514232248553177, -0.02315396816623056, -0.027197427757747205, -0.02862401039456023, -0.02987015906304277, -0.033591109550337304, -0.03847201132423014, -0.031260868942627605, 0.013343406505175933, 0.006094814729088333, -0.01786494349027275, 0.011624615076917092, 0.019703151022818447, 0.0846633720165378, 0.01045211136318546, 0.021013397140243386, -0.024649677653609956, 0.03649731385234129, -0.027508131630820054, 0.03804455931729996, 0.03592089018416703, 0.012507202446228358, 0.10216689181076623, 0.14110967188735699, -0.013577313620926311, 0.008379200205125833, 0.008440122634625239, 0.003308100201570013, -0.020747376677711184, -0.015763853159922046, -0.04055196728157786, 0.06141319045022104, -0.019334235589953456, 0.0020753816763844947, 0.01062217542285826, 0.016988059494109774, 0.09328814857881443, -0.034286400661310334, 0.003448050600813241, 0.005851735927801833, 0.03272696520199215, 0.009677343353534684, -0.00917087369997316, 0.0034690056424381364, 0.0034396484011393886, 0.001879200957709248, 0.12520644479689905, 0.043886762732399054, -0.021297714479249337, -0.013181104856046054, 0.016007925065899424, 0.02538899463421396, 0.002672644724153243, -0.09455393640160592, 0.09773626191334449, 0.03359350509594761, 0.006135996529017503, 0.0002908665826619105, -0.0017938820713557303, -0.005085077901420561, -0.0050805063532509305, -0.020488148142166845, -0.021553496673699102, -0.018244377225006724, -0.009359685450548938, -0.009039212286315225, -0.006408541483785626, -0.013677968521674452, -0.01875038262888345, -0.029447692523937617, -0.02494599184273706, -0.04240397720707048, -0.037536844615611624, -0.02928894756754027, -0.014048847594988555, -0.015434889016863056, -0.03351217361273431, -0.0352972596056581, -0.03854070774541802, -0.033699640302280606, -0.03069380660341254, -0.04201456353147411, -0.016728930714728234, -0.004580595484995824, -0.00572170354490719, -0.006637611188865047, 0.0035949017195633527, -0.022991258587516078, -0.026846930424881586, -0.024545595112419338, -0.0316971702171306, -0.03672703132808458, 0.05673524105871072]}