{"amount_of_iterations": 50, "tokens_list": ["'CLS'", "'izombie'", "'premiered'", "'in'", "'2015'", "'.'", "'SEP'", "'izombie'", "'-'", "'lrb'", "'-'", "'stylized'", "'as'", "'izombie'", "'-'", "'rrb'", "'-'", "'is'", "'an'", "'american'", "'television'", "'series'", "'developed'", "'by'", "'rob'", "'thomas'", "'and'", "'diane'", "'ruggiero'", "'-'", "'wright'", "'for'", "'the'", "'cw'", "'.'", "'it'", "'is'", "'a'", "'loose'", "'adaptation'", "'of'", "'the'", "'comic'", "'book'", "'series'", "'of'", "'the'", "'same'", "'name'", "'created'", "'by'", "'chris'", "'roberson'", "'and'", "'michael'", "'allred'", "','", "'and'", "'published'", "'by'", "'dc'", "'comics'", "'under'", "'their'", "'vertigo'", "'imprint'", "'.'", "'the'", "'series'", "'premiered'", "'on'", "'march'", "'17'", "','", "'2015'", "'.'", "'the'", "'series'", "'was'", "'renewed'", "'for'", "'a'", "'second'", "'season'", "','", "'which'", "'premiered'", "'october'", "'6'", "','", "'2015'", "','", "'and'", "'ran'", "'for'", "'19'", "'episodes'", "'.'", "'on'", "'march'", "'11'", "','", "'2016'", "','", "'the'", "'cw'", "'renewed'", "'the'", "'series'", "'for'", "'a'", "'third'", "'season'", "'of'", "'13'", "'episodes'", "','", "'which'", "'premiered'", "'on'", "'april'", "'4'", "','", "'2017'", "'.'", "'on'", "'may'", "'10'", "','", "'2017'", "','", "'the'", "'cw'", "'renewed'", "'the'", "'series'", "'for'", "'a'", "'fourth'", "'season'", "'.'", "'SEP'"], "scores_list": [0.040003649006659855, -0.037833412894685794, -0.013694346299949057, -0.3871838860215972, 0.1791554071231461, -0.06314314608983437, 0.0667610837871157, -0.011225878920364321, -0.012852929973172396, -0.011732997210729469, -0.011113564148563609, -0.011081677822613344, -0.010653458505435247, -0.01698683538849531, -0.017967811252203716, -0.01657470728278746, -0.010313425903963542, -0.012863312863156753, -0.01479189214172796, -0.011713868944179704, -0.009040263099570178, -0.004402637961715192, -3.6609281026144536e-05, -0.0005565269557061529, -0.003219466938350183, -0.003922418546176975, -0.005408468224954604, -0.008437897912413114, -0.01078716135255705, -0.004358394758521101, -0.005154725097082396, -0.0067286204690600905, -0.005018011952996694, -0.005097991775672483, -0.006007855268297112, -0.006038889003952797, -0.007443472524912588, -0.009054055688181722, -0.00784318921863983, -0.008503516335590038, -0.006102578210132366, -0.009566309839458501, -0.005428638034417476, -0.002675959681036204, -0.002957235947549614, -0.006013423563599254, -0.007959053202293122, -0.007520217481799851, -0.00611853141745609, -0.008312585287213094, -0.006592056055352133, -0.006851013002580732, -0.003179654572716099, -0.009127170248229115, -0.00972065186580652, -0.007735110755765738, -0.0006361550393646281, -0.003945709602916943, -0.005263943039890115, -0.005067284268068121, -0.002762605168447579, -0.005325892479818593, -0.005702801208877813, -0.009659543611897697, -0.0062018472783154895, -0.007493919325799123, 0.00430648910527264, -0.00914649037125888, 0.034872509437580426, 0.023767459866106306, -0.0032973098728031015, -0.020046667065982755, 0.01743346236891901, 0.038809379778619556, 0.8401154136246128, 0.02838920000085126, -0.02791904972400977, 0.06950118538383392, 0.006831185016626887, -0.02450586470070564, -0.00495522904397719, -0.008781461177588238, 0.01324929968050903, 0.08037425014172585, -0.010820855647037358, -0.005032928983021385, 0.0036194790767948176, -0.01939548714803696, -0.021202367967825854, 0.003921222108369014, -0.2630785620706496, -0.022952103068626085, 0.0030684991364808437, 0.01921584428558199, 0.0034455056778624395, -0.006812165053406316, 0.026281338998059733, 0.00018033369833049504, -0.005533356926490556, -0.005309750366723531, 0.0016905974496978693, 0.004010006691313112, 0.011632532975255967, 0.015445070696403156, 0.022442562810073667, 0.009059854005530367, 0.011774352578624804, 0.004907963593393169, -0.004921022514064663, -0.0033506004203541274, -0.005168700601937098, -0.003978082183177505, -0.0010110725381096844, -0.005471065198225553, -0.007374700422020172, -0.0024611269479115827, 0.00036420598471248754, -0.005250148501783811, -0.00441561870207545, -0.0016880370885771557, -0.009665390167822824, -0.011203976693695212, -0.010656402940512014, -0.010771921827699038, -0.011555603139855819, -0.008835553371286284, -0.010170176362077673, -0.007529263412744148, -0.004538411811228355, -0.007247846265391805, -0.005453668782389345, -0.005360744076965919, -0.005019292207821596, -0.007409107882422979, -0.0037600181068549766, -0.0021955458024427053, -0.0031347227180994705, -0.0062147311079325425, -0.010084699564815898, -0.010697699070601856, -0.00829402144849669, 0.035857340213052064]}