{"amount_of_iterations": 50, "tokens_list": ["'CLS'", "'sophie'", "'turner'", "'is'", "'an'", "'american'", "'actress'", "'.'", "'SEP'", "'sophie'", "'turner'", "'-'", "'lrb'", "'-'", "'born'", "'21'", "'february'", "'1996'", "'-'", "'rrb'", "'-'", "'is'", "'an'", "'english'", "'actress'", "'.'", "'turner'", "'made'", "'her'", "'professional'", "'acting'", "'debut'", "'as'", "'sansa'", "'stark'", "'on'", "'the'", "'hbo'", "'fantasy'", "'television'", "'series'", "'game'", "'of'", "'thrones'", "'-'", "'lrb'", "'-'", "'2011'", "'-'", "'-'", "'present'", "'-'", "'rrb'", "'-'", "','", "'which'", "'brought'", "'her'", "'international'", "'recognition'", "'and'", "'critical'", "'praise'", "'.'", "'for'", "'her'", "'performance'", "','", "'she'", "'has'", "'received'", "'four'", "'nominations'", "'for'", "'screen'", "'actors'", "'guild'", "'award'", "'for'", "'outstanding'", "'performance'", "'by'", "'an'", "'ensemble'", "'in'", "'a'", "'drama'", "'series'", "','", "'as'", "'well'", "'as'", "'a'", "'young'", "'artist'", "'award'", "'nomination'", "'for'", "'best'", "'supporting'", "'young'", "'actress'", "'in'", "'a'", "'tv'", "'series'", "'.'", "'turner'", "'has'", "'also'", "'starred'", "'in'", "'the'", "'television'", "'film'", "'the'", "'thirteenth'", "'tale'", "'-'", "'lrb'", "'-'", "'2013'", "'-'", "'rrb'", "'-'", "'and'", "'she'", "'made'", "'her'", "'feature'", "'film'", "'debut'", "'in'", "'another'", "'me'", "'-'", "'lrb'", "'-'", "'2013'", "'-'", "'rrb'", "'-'", "'.'", "'she'", "'has'", "'also'", "'starred'", "'in'", "'the'", "'action'", "'comedy'", "'barely'", "'lethal'", "'-'", "'lrb'", "'-'", "'2015'", "'-'", "'rrb'", "'-'", "'and'", "'played'", "'jean'", "'grey'", "'/'", "'phoenix'", "'in'", "'the'", "'x'", "'-'", "'men'", "'film'", "'series'", "'.'", "'SEP'"], "scores_list": [0.0, 0.0, 0.0, 0.0, 0.0, 0.0, 0.0, 0.0, 0.0, -0.002002426070107466, 0.024215571676623342, -0.005606648224929393, 0.028147263846747653, 0.004676773353132911, 0.07019753527608562, 0.05930151176409786, 0.054400125274350085, -0.04758734268492907, 0.0068380624107764795, 0.03083822427624186, 0.02181692632455888, 0.1461010156282546, 0.15249700408750216, 0.544468017436928, -0.7354993554823954, 0.18635113682036736, 0.2143076526772736, 0.08999053488221348, 0.02287001702206639, 0.016413596831823158, 0.004946108345100848, 0.002085755752927646, -0.0006798986656571649, -0.0008386811609302962, 0.002202964609032277, -0.002123440658194797, 0.0018498936268436317, 0.003783627055110385, 0.0031648157622238497, 0.010133888129907065, 0.004891640506579807, 0.00377679805918572, 0.006463077694214177, 0.00565957141398043, 0.004805697520975834, -0.003851188877631404, 0.0024938194714459305, 0.004705787332514509, 0.003732750453909455, 0.0045714431121384284, -0.0004472695144606761, -0.0003024415171772156, -0.0017600763922207008, -0.00026357910982092975, -0.0024217700003329166, 0.00024258445402309915, 0.0007622891253217018, -8.446458938504708e-05, -0.0013758563690867923, -0.004814779825947338, -0.0010582481680343103, -0.0007870653785527666, 0.0003416327307357948, -0.0014169045542608452, -0.0006844926531613707, 0.0010425129033137831, 0.003735981294758751, 0.0039489854525766475, 0.003291030350467055, 0.002698420780452308, 0.0020802708925622983, 0.00302692483741667, 0.002589475465958397, 0.002574355874051902, 0.005093456036305101, 0.0077520452723602385, 0.00993583953027743, 0.007379950788195801, 0.005237822947776814, 0.003538177435931478, 0.001709962290207754, 0.002601212128319078, -0.00037508471570044387, -0.0011418763747169025, 0.0007515680921476107, 0.0024880226916554893, 0.004523815653134597, 0.0011403503973579751, 0.0016694571009388138, 0.0017057475841663885, 0.004385593772252155, 0.007153030893162866, 0.004899588405352631, 0.003666797970276824, 0.0028253629235932593, 0.003080851770809265, 0.005511479329245424, 0.005668398593826827, 0.005595725638033612, 0.0063169077283758875, 0.005012916943962977, 0.004604312079756595, 0.007602170360392478, 0.011306153263795143, 0.012893825424637958, 0.008179421462585261, 0.008081139137928777, 0.008758033297444363, 0.007092888267251636, 0.008923400880988603, 0.0075266891974266155, 0.007541508876223101, 0.009307608339767952, 0.007123662226138539, 0.0068197070863636805, 0.009866694584249694, 0.006294595461194698, 0.0061756224617072935, 0.008577344253466408, 0.008748398547282762, 0.013465405188071183, 0.00570260507162171, 0.009375273050459954, 0.007340823769721875, 0.00782927945071648, 0.0018977920306703898, 0.0042294878611463995, -4.9519589826622146e-05, 0.003347475466110921, 0.018908687593213437, 0.024453787625912243, 0.011516344178207773, 0.007954618408949541, -0.002313056404222446, -9.813293784114505e-05, -0.004894043464582779, -0.012883808400446348, -0.014112869534140043, -0.008984453537413707, -0.009901762887528805, -0.0064550987323229265, -0.006016618401244244, -0.0044816483130755815, 0.008409655019205436, 0.010600383484024567, -0.0043871668390468325, -0.0015262398363670535, -0.0016514530567919713, 0.002381007687331767, 0.009850018625861523, 0.001520763124026665, -0.00038021467811924167, 0.006770116884774589, 0.010261943515696257, 0.011644471272793493, -0.0023011408675788028, 0.004349519583326647, -0.02039639762703749, -0.03637451029675698, -0.007787167057886004, 0.006973965198992031, 0.006501328107908218, 0.030368307549093646, 0.012579994236720614, 0.01743266612933735, 0.01896111198205526, 0.01785389894495425, 0.01262248003052211, 0.021709457296577677, 0.011821635569125171, 0.01710628535623748, 0.01309334256277404, 0.0031068471470418082, -0.004532197491552069, 0.0]}