{"amount_of_iterations": 50, "tokens_list": ["'CLS'", "'sophie'", "'turner'", "'is'", "'an'", "'american'", "'actress'", "'.'", "'SEP'", "'sophie'", "'turner'", "'-'", "'lrb'", "'-'", "'born'", "'21'", "'february'", "'1996'", "'-'", "'rrb'", "'-'", "'is'", "'an'", "'english'", "'actress'", "'.'", "'turner'", "'made'", "'her'", "'professional'", "'acting'", "'debut'", "'as'", "'sansa'", "'stark'", "'on'", "'the'", "'hbo'", "'fantasy'", "'television'", "'series'", "'game'", "'of'", "'thrones'", "'-'", "'lrb'", "'-'", "'2011'", "'-'", "'-'", "'present'", "'-'", "'rrb'", "'-'", "','", "'which'", "'brought'", "'her'", "'international'", "'recognition'", "'and'", "'critical'", "'praise'", "'.'", "'for'", "'her'", "'performance'", "','", "'she'", "'has'", "'received'", "'four'", "'nominations'", "'for'", "'screen'", "'actors'", "'guild'", "'award'", "'for'", "'outstanding'", "'performance'", "'by'", "'an'", "'ensemble'", "'in'", "'a'", "'drama'", "'series'", "','", "'as'", "'well'", "'as'", "'a'", "'young'", "'artist'", "'award'", "'nomination'", "'for'", "'best'", "'supporting'", "'young'", "'actress'", "'in'", "'a'", "'tv'", "'series'", "'.'", "'turner'", "'has'", "'also'", "'starred'", "'in'", "'the'", "'television'", "'film'", "'the'", "'thirteenth'", "'tale'", "'-'", "'lrb'", "'-'", "'2013'", "'-'", "'rrb'", "'-'", "'and'", "'she'", "'made'", "'her'", "'feature'", "'film'", "'debut'", "'in'", "'another'", "'me'", "'-'", "'lrb'", "'-'", "'2013'", "'-'", "'rrb'", "'-'", "'.'", "'she'", "'has'", "'also'", "'starred'", "'in'", "'the'", "'action'", "'comedy'", "'barely'", "'lethal'", "'-'", "'lrb'", "'-'", "'2015'", "'-'", "'rrb'", "'-'", "'and'", "'played'", "'jean'", "'grey'", "'/'", "'phoenix'", "'in'", "'the'", "'x'", "'-'", "'men'", "'film'", "'series'", "'.'", "'SEP'"], "scores_list": [0.04763948450921674, 0.031921807389826806, 0.16316015177250423, 0.4787809021232468, 0.5735380038444711, 0.026798345382829047, 0.22291670021425228, 0.3182421303803586, -0.0507283298793502, -0.02805118595978528, 0.015663878505529288, -0.009616893755961295, 0.036674905269057645, -0.022628344953683995, 0.06626988328256876, 0.019019005610804163, 0.03902391914343547, -0.009285242854851368, 0.01578434031240538, 0.005654665503561413, 0.01594474182293062, 0.004941219093832704, -0.0790914220602447, 0.1307056813631074, -0.4428630169811544, 0.014034487577387405, 0.03973745355102708, 0.035598653280576514, 0.009527437037785656, 0.01325531394531709, 0.011124642465409323, 0.004592638236847672, 0.008433651040080679, 0.004545536709042378, 0.008652521050589604, 0.005922957012924531, 0.009452572549616511, 0.00505803531153639, 0.004488564128372323, 0.010356306844541807, 0.005393155854891265, 0.0020586035407743454, 0.0040149576567818585, 0.005528572353826031, 0.008303105491787727, 0.006420614457359738, 0.004752325082733958, 0.008127899228785502, 0.006554390072173446, 0.004091517489523201, 0.0014917024854959316, 0.002476055398435112, -0.0009187185783521332, -0.0012041932277608058, -0.001615942001730659, 0.0007123309916527428, -0.002130142047012645, -0.0036991504038985947, -0.004957811798789923, -0.009324003867825238, -0.004274974029843385, 0.0037723992950862016, 0.004270950025924484, 0.0030856891164170023, -0.0015037606625916877, -0.001710548629092811, 0.0010326715728725773, -0.0016990974644799607, -0.0022682038582657426, -0.0012412104379968176, -0.00320433068505755, 0.00044673813628634795, -0.002409085470811253, -0.004920979500852826, -0.0015188959663564856, -0.005444608975391135, -0.005804160621343016, -0.003131735914625911, -0.002938292676869753, -0.0005797360909063062, -0.0013462834331516354, -0.0025810399271291398, -0.0027338328237652963, -0.0033839896147027657, -0.0044777454014572286, -0.005392747613454687, -0.0017016385773320286, -0.004911508177159427, -0.003107835716103677, -0.007263166528879953, -0.0037167036289484086, 0.0008126470979237142, -0.004689035300366301, -0.0053109324199519005, -0.003760307051599486, -0.0048604534180588434, -0.0033362810602028154, -0.0037389823540834944, -0.008053242475866591, -0.006240044659448503, -0.00785228973014771, -0.0057091089721370255, -0.004366012729466268, -0.006303946918434772, -0.00599126179759116, -0.010340510068307683, -0.008873846245690957, -0.012003132842202478, -0.020766876966324004, -0.02185139578814028, -0.02080718029444728, -0.018817093514420815, -0.020414287626820283, -0.020336041563842545, -0.018018530306623905, -0.015929296199099337, -0.01373361537722078, -0.013704645546865242, -0.014872906305171544, -0.01883652010392402, -0.014553736066129128, -0.014494337730373638, -0.0042930066992288235, 0.003503121800666368, -0.0014425374691446205, -0.0016853351264337541, 0.0007700679037231707, 0.0004420994902430905, 0.0023897699344687415, 0.007359978499709505, 0.014424165969184118, -0.0029773888612203876, -0.002704321995633159, 0.0017537207246070428, 0.003485961684773986, 0.0020440183654431, -0.001697724606909717, 9.110803163071985e-05, 0.005254768974245433, 0.0033604820203065352, 0.006256491008363597, 0.0019995904244789857, 0.008238250660969223, 0.013873364125916764, 0.014585031954501154, 0.004787518524556892, 0.009853062536880907, 0.005950813565716442, 0.013785521166995045, 0.017843610487180722, 0.006585852659271211, 0.004916609421422493, 0.007552770597347392, 0.009218704170071763, 0.008545389508690389, 0.00884064746546106, 0.010027139381809509, 0.0164034089102189, 0.04526613190640831, 0.061718421738321975, 0.006838497129391764, 0.02087434784693834, 0.025598436726577835, 0.011137957218021853, 0.012228453599088486, 0.011936524301825168, 0.004999733957294272, 0.010473944501509526, 0.011674007093699201, 0.0122545280476662, 0.009863243136226564, 0.0025797172280191817, -0.0018968809434453246, -0.004769002803635856, -0.07930993507611456]}