{"amount_of_iterations": 50, "tokens_list": ["'CLS'", "'laurie'", "'hernandez'", "'competes'", "'.'", "'SEP'", "'lauren'", "'zoe'", "'`'", "'`'", "'laurie'", "\"'\"", "\"'\"", "'hernandez'", "'-'", "'lrb'", "'-'", "'born'", "'june'", "'9'", "','", "'2000'", "'-'", "'rrb'", "'-'", "'is'", "'an'", "'american'", "'artistic'", "'gymnast'", "'.'", "'she'", "'competed'", "'as'", "'a'", "'member'", "'of'", "'the'", "'u'", "'.'", "'s'", "'.'", "'women'", "\"'\"", "'s'", "'gymnastics'", "'team'", "'at'", "'the'", "'2016'", "'summer'", "'olympics'", "','", "'winning'", "'gold'", "'in'", "'the'", "'team'", "'event'", "'and'", "'silver'", "'on'", "'the'", "'balance'", "'beam'", "'.'", "'in'", "'2016'", "','", "'hernandez'", "'won'", "'season'", "'23'", "'of'", "'dancing'", "'with'", "'the'", "'stars'", "'with'", "'partner'", "'val'", "'chmerkovskiy'", "'.'", "'SEP'"], "scores_list": [0.0, 0.0, 0.0, 0.0, 0.0, 0.0, -0.34382108559019386, 0.04429928240244592, 0.04079081278297913, 0.009945456565781885, 0.006141855080742337, -0.023331952807760296, -0.0474311351929328, -0.042054326671324214, -0.034729088761072335, -0.033030745803663206, -0.05365869807148696, -0.06314400421811223, -0.05749020662004673, -0.061046069979753946, -0.06385243237741496, -0.06413961741981829, -0.0629770959665683, -0.06915473705017045, -0.056327996573804204, -0.07074776971038249, -0.03990419187572309, -0.07140709591746504, -0.08823100241721339, -0.12371837023700563, 0.015031285700121251, 0.6326411303672296, -0.024686259787193885, 0.04581592305849952, -0.015738630992516288, -0.007598118066804323, 0.0001127382093713359, 0.02452846659947715, 0.10215418904872964, -0.005847670492216475, -0.006053669587201949, -0.020417734042241172, 0.0366389071255152, 0.0044250012971142815, -0.014916063053910834, 0.14183557175592573, 0.3762593821031057, -0.027427824805361444, 0.04237209794149378, 0.13846687877947353, 0.21609885450421967, 0.0347686399706878, 0.015664228432883162, 0.14589320126908914, 0.0180477990537769, -0.02716483311295776, -0.009976605912141391, 0.23586590779511046, 0.011079501494507723, -0.019668325379005508, 0.04270101510757422, 0.041782989741508805, 0.023707897102370087, 0.07484550654586519, 0.06875950738450262, -0.04098430634248299, -0.038669063369091546, -0.08990708341593796, -0.058149201494297226, -0.04449063114594373, -0.0529953119226666, -0.06506389665653198, -0.06489017275104232, -0.07845952617515067, -0.05513303450737406, -0.04705062840199018, -0.05957473637273754, -0.05525328898534228, -0.05387781249478196, -0.04923338918145667, -0.03785758652880579, -0.025937292205300413, -0.03718257785738297, 0.0]}