{"amount_of_iterations": 50, "tokens_list": ["'CLS'", "'keeping'", "'up'", "'with'", "'the'", "'joneses'", "'starred'", "'jon'", "'hamm'", "'as'", "'a'", "'lead'", "'.'", "'SEP'", "'keeping'", "'up'", "'with'", "'the'", "'joneses'", "'is'", "'a'", "'2016'", "'american'", "'action'", "'comedy'", "'film'", "'directed'", "'by'", "'greg'", "'mottola'", "'and'", "'written'", "'by'", "'michael'", "'lesieur'", "'.'", "'starring'", "'zach'", "'galifianakis'", "','", "'jon'", "'hamm'", "','", "'isla'", "'fisher'", "'and'", "'gal'", "'gadot'", "','", "'the'", "'film'", "'follows'", "'a'", "'suburban'", "'couple'", "'-'", "'lrb'", "'-'", "'galifianakis'", "'and'", "'fisher'", "'-'", "'rrb'", "'-'", "'who'", "'begin'", "'to'", "'suspect'", "'their'", "'new'", "'neighbors'", "'-'", "'lrb'", "'-'", "'hamm'", "'and'", "'gadot'", "'-'", "'rrb'", "'-'", "'are'", "'secret'", "'agents'", "'.'", "'the'", "'film'", "'was'", "'released'", "'on'", "'october'", "'21'", "','", "'2016'", "'by'", "'20th'", "'century'", "'fox'", "','", "'received'", "'generally'", "'negative'", "'reviews'", "'and'", "'was'", "'a'", "'box'", "'office'", "'bomb'", "','", "'grossing'", "'$'", "'29'", "'million'", "'against'", "'its'", "'$'", "'40'", "'million'", "'budget'", "'.'", "'SEP'"], "scores_list": [0.0, 0.0, 0.0, 0.0, 0.0, 0.0, 0.0, 0.0, 0.0, 0.0, 0.0, 0.0, 0.0, 0.0, -0.014240599827105875, -0.0034934406680372935, -0.0007263913085863535, 0.0011665323140373964, -0.005629060106551284, -0.010591347952324958, -0.026261846378307713, -0.02483309396400084, -0.02036149505161803, -0.012306740425386447, -0.022439530072654174, -0.02247219381895972, -0.017266395393599497, -0.021939321675748767, -0.015441759221126805, -0.02496200759577031, -0.017844149612566768, -0.022890170892539356, -0.02648405349624867, -0.03449742978153607, -0.035734693401976686, -0.0371178251538255, -0.002154798756223587, -0.011728689834531545, -0.02270420416472848, 0.010124304890046442, 0.057203055988937684, 0.9334071891859866, -0.03159608660438893, 0.018571953253774556, -0.014760205002231831, -0.004060155200855422, -0.00915871887685305, -0.017279574983346705, 0.0005955380279668427, -0.009400769853220265, 0.20504612056873586, 0.09591442739313394, -0.02642235831381549, 0.00672214495014811, 0.0006870579490306745, -0.010547011306445675, -0.017661527419264116, -0.011794549169723088, -0.022657720068318263, 0.007430297054810642, -0.0027828364014660296, -0.00025844984768557685, -0.00706762621124756, -0.0018160402304187074, 0.01092422738131707, -0.0417875191876978, -0.007833924247953273, -0.007887094355210763, 0.020732081805630003, -0.006356850688316094, 0.005692628175707076, -0.001033517883588047, -0.01297074851404314, -0.0033035480099020934, -0.02755376088874336, 0.002295470870234795, -0.014796771021319944, -0.013189133651343565, -0.011227237620046997, 0.02742091695313152, -0.08808153094050276, 0.016721274545475298, 0.008677221910646949, 0.02727438297136511, -0.0005210892128883854, -0.014085245258202969, -0.006964164178589727, -0.01086884435547905, -0.01157001814333874, -0.01147715057336942, -0.008313536274317074, -0.005019188474206663, -0.0017483363566201489, -0.0020719468763473383, -0.004335832315106686, -0.006984959883689113, -0.009573472309935844, -0.016576739535003177, -0.014148423175677903, -0.011424997352004364, -0.010839910860218382, -0.009762392132903117, -0.015576225735540888, -0.014136961458786674, -0.007941609732824649, -0.012844453887987049, -0.010820736595543844, -0.010141090737427541, -0.008624696401689372, -0.01783439322081008, -0.014930714183895919, -0.012630041567858255, -0.011487207237772069, -0.002677968038846506, -0.007985349342386334, -0.01065249816434028, -0.011990934115991995, -0.022688377681883115, -0.01529350181072439, -0.0027579991141004657, 0.0]}