{"amount_of_iterations": 50, "tokens_list": ["'CLS'", "'dan'", "'stevens'", "'plays'", "'legion'", "'.'", "'SEP'", "'legion'", "'-'", "'lrb'", "'-'", "'david'", "'charles'", "'haller'", "'-'", "'rrb'", "'-'", "'is'", "'a'", "'fictional'", "'character'", "'appearing'", "'in'", "'american'", "'comic'", "'books'", "'published'", "'by'", "'marvel'", "'comics'", "'.'", "'he'", "'is'", "'the'", "'mutant'", "'son'", "'of'", "'professor'", "'charles'", "'xavier'", "'and'", "'gabrielle'", "'haller'", "'.'", "'legion'", "'takes'", "'the'", "'role'", "'of'", "'an'", "'antihero'", "'and'", "'has'", "'a'", "'severe'", "'mental'", "'illness'", "'including'", "'a'", "'form'", "'of'", "'dissociative'", "'identity'", "'disorder'", "'in'", "'which'", "'each'", "'of'", "'his'", "'alternate'", "'personas'", "'controls'", "'one'", "'of'", "'his'", "'many'", "'superpowers'", "'.'", "'legion'", "'stars'", "'in'", "'his'", "'own'", "'tv'", "'series'", "'of'", "'the'", "'same'", "'name'", "'where'", "'he'", "'is'", "'portrayed'", "'by'", "'dan'", "'stevens'", "'.'", "'SEP'"], "scores_list": [0.0, 0.0, 0.0, 0.0, 0.0, 0.0, 0.0, 0.050582165295465664, 0.12525351381546487, 0.03610777384401164, -0.030644778275333767, -0.06491408877199896, -0.07164637949793705, -0.10873365016853948, -0.07134327194413291, -0.07646868794001382, -0.04324251314720476, -0.07442123494417227, -0.07317255998322032, -0.06354733264113283, -0.09585955019508786, -0.08384233460951158, -0.06567962567342324, -0.08032775289891467, -0.06835804689461805, -0.08066538446445425, -0.08383885237488774, -0.048205458360620554, -0.040464342951183604, -0.027889164224643284, -0.015562368794270528, -0.020290696137555797, -0.0136268907873542, -0.019571250867989064, -0.027724794756665287, -0.021816085820149784, -0.02962797872429023, -0.020514923888200885, -0.012576392734800792, -0.011863564360324316, -0.017814044162351845, -0.0012496930756870975, 0.005952527257896584, -0.0040429682383854755, -0.010107746529127196, 0.0026933347619315065, -0.008482781532785318, -0.020865980946800717, -0.027393372929002468, -0.0409313540293855, -0.03424892434454252, -0.02315612617236931, -0.02620140350963595, -0.025245867558693624, -0.020738840518599852, -0.021093614483580894, -0.01883914621199656, -0.02282259735919584, -0.02360422303856259, -0.017142963424269124, -0.000168961160724193, -0.047460421597901314, -0.004984797577241331, -0.01916202402545164, -0.00333481379659909, -0.009320267482247112, -0.014538504362214, -0.013538390654193952, -0.013930411351150794, -0.014754517210816885, -0.03405663580669395, -0.03599866253817553, -0.034590362900654724, -0.0280461193466619, -0.022051654178500253, -0.024751641785037536, -0.0240254086664274, 0.0466344486553081, 0.6589221727120763, 0.02575859087333886, 0.09287185429587692, 0.02969792701800724, 0.09321515566553523, -0.08869281426422183, 0.24752747447591203, 0.12488951431317662, 0.025377862887795574, 0.08942701352838836, -0.06451029242321271, 0.035757077674605314, 0.3843065289727426, 0.32498925620557295, 0.025234108133046416, 0.13259732134665458, 0.12183254339576637, -0.028676039218293627, 0.05363182391088749, 0.0]}