{"amount_of_iterations": 50, "tokens_list": ["'CLS'", "'david'", "'tennant'", "'played'", "'the'", "'tenth'", "'doctor'", "'in'", "'grey'", "\"'\"", "'s'", "'anatomy'", "'.'", "'SEP'", "'david'", "'tennant'", "'-'", "'lrb'", "'-'", "'born'", "'david'", "'john'", "'mcdonald'", "';'", "'18'", "'april'", "'1971'", "'-'", "'rrb'", "'-'", "'is'", "'a'", "'scottish'", "'actor'", "'and'", "'voice'", "'actor'", "'.'", "'he'", "'is'", "'best'", "'known'", "'for'", "'his'", "'roles'", "'as'", "'the'", "'tenth'", "'doctor'", "'in'", "'the'", "'british'", "'television'", "'series'", "'doctor'", "'who'", "','", "'alec'", "'hardy'", "'in'", "'broadchurch'", "','", "'giacomo'", "'casanova'", "'in'", "'the'", "'tv'", "'serial'", "'casanova'", "','", "'kilgrave'", "'in'", "'jessica'", "'jones'", "','", "'and'", "'barty'", "'crouch'", "','", "'jr'", "'.'", "'in'", "'the'", "'film'", "'harry'", "'potter'", "'and'", "'the'", "'goblet'", "'of'", "'fire'", "'.'", "'in'", "'addition'", "'to'", "'his'", "'appearances'", "'on'", "'screen'", "','", "'he'", "'has'", "'worked'", "'as'", "'a'", "'voice'", "'actor'", "'and'", "'in'", "'theatre'", "','", "'including'", "'a'", "'critically'", "'acclaimed'", "'stage'", "'production'", "'of'", "'hamlet'", "'.'", "'in'", "'january'", "'2015'", "','", "'tennant'", "'received'", "'the'", "'national'", "'television'", "'award'", "'for'", "'special'", "'recognition'", "'.'", "'SEP'"], "scores_list": [0.0, 0.0, 0.0, 0.0, 0.0, 0.0, 0.0, 0.0, 0.0, 0.0, 0.0, 0.0, 0.0, 0.0, 0.033770752922591935, 0.04658232214158132, 0.042413771343713214, 0.043324566793743934, 0.03846498086991202, 0.08119485165988606, 0.17683915235317063, 0.16618013969221931, 0.0639892834479105, 0.02143942929119962, 0.04415379515383968, 0.08639546565223272, 0.07837694730619904, -0.019293343395351072, -0.02083653312482001, 0.036334993682944856, 0.05929706275766904, 0.05225034502828015, 0.045907064338247115, 0.0595394340482091, 0.05913352249647268, 0.02849502680533828, 0.015488666893440094, 0.04855686020365205, 0.14722291133732832, -0.001863772460795368, 0.02749546282619035, 0.07096682979984992, 0.20075725828249066, 0.45452393080666154, -4.064917715019637e-05, 0.06338007861636577, 0.2685777565904216, 0.08359130145747769, 0.04025833560728784, 0.4146381951872138, 0.17634161251922525, 0.16184125786632222, -0.0136499104709641, 0.029052910226766464, 0.11361331955454365, 0.03640275481969313, 0.025783636786276813, -0.026384135710120254, -0.042618933210956736, 0.035128357685447344, 0.010353321860851453, -0.03887375273929124, -0.0442095666148023, -0.010890272076658077, 0.3387978866533964, 0.1379282549444987, 0.006185182080837285, 0.003713221203363749, -0.006109104789333013, 0.029830590516235395, -0.02761291982174365, 0.075364441640901, 0.017737582677047937, 0.04184635950984443, 0.007425773944594955, 0.053642137493428, 0.01826287043480538, -0.032690106665377944, 0.024295794920004728, 0.004409208390610805, 0.01564366728223988, 0.061524743514673595, 0.09329205492169605, 0.0563508892221531, 0.005604254070424811, 0.021201842741767108, 0.005342907548695548, 0.046861061967705626, 0.004400941606024886, 0.10090957517370805, 0.05373246244149487, 0.04600854723109996, 0.022648694743389073, 0.02094434774166323, -0.00010423645559354448, 0.012266691379608686, 0.00020560932792755982, 0.0020673773074196366, 0.0009422393136513037, -0.024722165757675323, -0.04330690503021455, -0.04546347330443332, -0.06882080959353737, -0.09339259187168139, -0.08056806306061771, -0.06146810268883837, -0.06656775900140259, -0.13797599506166539, -0.06533117531138366, -0.0709170770566812, -0.05944931880220988, -0.05294140451414244, -0.036175243362479154, -0.021134226711220765, 0.01006685717938159, 0.01641221078511115, -0.014580690908668559, 0.05791037533898724, 0.029641771237058474, 0.025379357337337073, 0.02640190079913643, 0.05464960758742981, 0.04033292087176275, 0.03339898601917764, 0.05477120605299869, 0.05913764715940574, 0.01042100666556861, 0.010607147387644504, 0.016248802765042897, -0.004655783018335627, -0.0267273529959098, -0.015134608965686925, -0.01771413932802817, -0.008648452576675464, 0.0]}