{"amount_of_iterations": 50, "tokens_list": ["'CLS'", "'laurie'", "'hernandez'", "'competes'", "'.'", "'SEP'", "'lauren'", "'zoe'", "'`'", "'`'", "'laurie'", "\"'\"", "\"'\"", "'hernandez'", "'-'", "'lrb'", "'-'", "'born'", "'june'", "'9'", "','", "'2000'", "'-'", "'rrb'", "'-'", "'is'", "'an'", "'american'", "'artistic'", "'gymnast'", "'.'", "'she'", "'competed'", "'as'", "'a'", "'member'", "'of'", "'the'", "'u'", "'.'", "'s'", "'.'", "'women'", "\"'\"", "'s'", "'gymnastics'", "'team'", "'at'", "'the'", "'2016'", "'summer'", "'olympics'", "','", "'winning'", "'gold'", "'in'", "'the'", "'team'", "'event'", "'and'", "'silver'", "'on'", "'the'", "'balance'", "'beam'", "'.'", "'in'", "'2016'", "','", "'hernandez'", "'won'", "'season'", "'23'", "'of'", "'dancing'", "'with'", "'the'", "'stars'", "'with'", "'partner'", "'val'", "'chmerkovskiy'", "'.'", "'SEP'"], "scores_list": [-0.003832805843477825, 0.11274651410698523, -0.02276178932148381, 0.46212993141748226, 0.024521591879541397, 0.04966589961910279, -0.13453268076361322, 0.20539417723974698, 0.1009082325098675, 0.014350790014096464, 0.005462282765242812, 0.01452148258910141, -0.002180965731149274, 0.009410496822130273, 0.0034685750728212085, 0.009788336558328718, -0.00881753260199975, -0.02012922596277253, -0.020216861667356492, -0.027844460782916646, -0.052108621353531004, -0.06659359918285054, -0.07511298420591153, -0.055703031616702446, -0.03655387808388789, -0.06679014881686252, -0.03154445374238799, -0.03455372486145859, -0.04337542188169389, -0.08551586522565792, -0.008320280608510656, 0.3136913298454116, 0.048912865451377505, -0.08840837429305852, -0.06335046767244157, -0.041541078439764186, -0.04992717355728949, -0.06569942551434035, -0.014627755535654175, 0.04610428888623383, -0.03266988851776757, 0.034805050378277025, 0.017764180985055698, -0.07024177458126538, -0.030854339583977392, 0.15075585869103372, 0.09341737472712204, -0.06887281445946114, -0.09119109239542886, 0.3141870369594328, 0.3380927920532696, -0.03624579884064659, -0.018715118575807894, 0.20926876728859023, 0.08883702095737907, 0.01197247500746048, -0.08039223609906754, 0.2168263384290098, 0.13370535361150582, -0.08949656352656896, -0.07062009934532286, -0.06730125592412492, -0.08963542788576703, 0.09198089901609445, 0.08950105271857665, -0.01585216901507755, 0.026705577231952767, -0.004048966452125067, 0.00771336853402328, 0.008884963447817367, -0.010798453167365808, -0.01714633202009262, -0.011222759755797809, -0.0078055632456477935, -0.004865407910943256, -0.002529847711989946, -0.008815135420948835, -0.008669483959206149, -0.006795950840672388, 0.001472285691598534, -0.006525278038260012, 0.07353922794404445, 0.0019057934803557554, -0.2956691751231636]}