{"amount_of_iterations": 50, "tokens_list": ["'CLS'", "'david'", "'tennant'", "'played'", "'the'", "'tenth'", "'doctor'", "'in'", "'doctor'", "'who'", "'.'", "'SEP'", "'david'", "'tennant'", "'-'", "'lrb'", "'-'", "'born'", "'david'", "'john'", "'mcdonald'", "';'", "'18'", "'april'", "'1971'", "'-'", "'rrb'", "'-'", "'is'", "'a'", "'scottish'", "'actor'", "'and'", "'voice'", "'actor'", "'.'", "'he'", "'is'", "'best'", "'known'", "'for'", "'his'", "'roles'", "'as'", "'the'", "'tenth'", "'doctor'", "'in'", "'the'", "'british'", "'television'", "'series'", "'doctor'", "'who'", "','", "'alec'", "'hardy'", "'in'", "'broadchurch'", "','", "'giacomo'", "'casanova'", "'in'", "'the'", "'tv'", "'serial'", "'casanova'", "','", "'kilgrave'", "'in'", "'jessica'", "'jones'", "','", "'and'", "'barty'", "'crouch'", "','", "'jr'", "'.'", "'in'", "'the'", "'film'", "'harry'", "'potter'", "'and'", "'the'", "'goblet'", "'of'", "'fire'", "'.'", "'in'", "'addition'", "'to'", "'his'", "'appearances'", "'on'", "'screen'", "','", "'he'", "'has'", "'worked'", "'as'", "'a'", "'voice'", "'actor'", "'and'", "'in'", "'theatre'", "','", "'including'", "'a'", "'critically'", "'acclaimed'", "'stage'", "'production'", "'of'", "'hamlet'", "'.'", "'in'", "'january'", "'2015'", "','", "'tennant'", "'received'", "'the'", "'national'", "'television'", "'award'", "'for'", "'special'", "'recognition'", "'.'", "'SEP'"], "scores_list": [0.0, 0.0, 0.0, 0.0, 0.0, 0.0, 0.0, 0.0, 0.0, 0.0, 0.0, 0.0, 0.010905472959880827, 0.014257006444328028, 8.059230805370332e-05, -0.024757089382094873, -0.019752869727109802, -0.01868890827246052, -0.021233919351714543, -0.024115503005845963, -0.05470210349064197, -0.055377709045361795, -0.025405499172687085, -0.019651127244984776, -0.016519575617090592, -0.02163268298986679, -0.005938798992253538, 0.00044966333465490876, -0.005444786427118263, -0.012308139589634644, -0.013611514599653044, -0.010510072841069773, -0.011575109737280527, -0.016891680162699648, -0.023308400792788134, -0.029511298797178773, -0.022182975587723044, -0.003199479741938781, -0.03652724719509114, -0.06522814806642539, -0.061068115835468846, -0.09809515298832959, -0.013358109026614677, -0.02717502574624516, 0.01959297217959203, 0.8417332820594616, 0.2749448683161147, -0.0396098597876002, -0.054227169646960095, -0.0822447822473749, 0.010090714183982726, -0.08214564794496891, 0.31442475132764075, 0.1284409510728663, 0.018056802224862438, 0.026436543074033134, 0.0264170443477968, -0.10791594608268247, -0.009850354435873893, -0.00253794811570472, 0.006329694083947293, 0.011822308466466288, -0.11454620870779446, -0.03216327177645539, 0.005124240948041737, -0.012278522674621449, -0.009238441504673444, -0.01010295283116639, -0.009735968808250426, -0.02464810569408204, 0.0011251219385500976, -0.02863539998115441, -0.006544212961266061, -0.015725072244818436, -0.006606591157676361, 0.008442063787722496, 0.0005004047940506225, 0.0021273067146663728, -0.022643811385431548, -0.07320601658286341, -0.015121225170784843, 0.005528968640977637, -0.0013541378659455213, -0.002226699182303496, -0.00027136194310866676, -0.043566981482428435, 0.003608671793089273, -0.04033036152402137, -0.07468268838030533, -0.023232626933308183, -0.016430555719187084, -0.015021013908045154, -0.003869520183245981, -0.008998860167182552, -0.006484715028958063, -0.006541601668731566, -0.004223757361389382, -0.004042791039386159, -0.005095496666743488, -0.002262623627927467, 0.004043535894956985, 0.006439556642701477, 0.011190770437350905, 0.013920949511162746, 0.008883428838637828, 0.004262881829146365, 0.003887547160334224, 0.015489126141937063, 0.004286125439685717, 0.005133135802475464, 0.002276513873032864, 0.0021195563477398225, -0.004329249479049719, -0.003525382076990241, -0.006161280651663576, -0.0060863817620521515, 0.006808606968721091, -0.010844393766048085, 0.005265886047923335, 0.006952569982365161, -0.002290809800118231, 0.004198134154827905, -0.005610674415117891, -0.010199041445516975, -0.009433659327460356, -0.011321230866376018, -0.004873355375733656, -0.00804210121348113, -0.011293937631565403, 0.0035846797067167115, -0.00026179525928060843, -0.002631750186858863, 0.0]}