{"amount_of_iterations": 50, "tokens_list": ["'CLS'", "'in'", "'2014'", "','", "'holiday'", "':'", "'a'", "'soldier'", "'is'", "'never'", "'off'", "'duty'", "'came'", "'out'", "'.'", "'SEP'", "'holiday'", "':'", "'a'", "'soldier'", "'is'", "'never'", "'off'", "'duty'", "'is'", "'a'", "'2014'", "'indian'", "'action'", "'thriller'", "'film'", "'written'", "'and'", "'directed'", "'by'", "'a'", "'.'", "'r'", "'.'", "'murugadoss'", "','", "'and'", "'produced'", "'by'", "'vipul'", "'shah'", "'.'", "'it'", "'features'", "'akshay'", "'kumar'", "'and'", "'sonakshi'", "'sinha'", "'in'", "'the'", "'lead'", "'roles'", "','", "'along'", "'with'", "'farhad'", "'as'", "'the'", "'antagonist'", "'in'", "'his'", "'bollywood'", "'debut'", "'and'", "'govinda'", "'in'", "'a'", "'special'", "'appearance'", "'.'", "'it'", "'is'", "'a'", "'remake'", "'of'", "'murugadoss'", "\"'\"", "'own'", "'acclaimed'", "'tamil'", "'film'", "'thuppakki'", "'-'", "'lrb'", "'-'", "'2012'", "'-'", "'rrb'", "'-'", "'.'", "'the'", "'film'", "'released'", "'on'", "'6'", "'june'", "'2014'", "','", "'becoming'", "'the'", "'biggest'", "'net'", "'grosser'", "'of'", "'the'", "'first'", "'half'", "'of'", "'2014'", "'.'", "'akshay'", "'kumar'", "'was'", "'nominated'", "'filmfare'", "'award'", "'for'", "'best'", "'actor'", "'at'", "'60th'", "'filmfare'", "'awards'", "'.'", "'SEP'"], "scores_list": [0.029314390413845256, 0.0633967021175154, 0.011470127801401121, 0.007826920991901954, 0.023022810700517825, 0.04897348755774922, -0.026433371029458377, 0.0810198065855437, -0.1899752836698709, -0.8816464429550328, -0.07911011258763256, 0.21867869250532795, 0.30257423746105117, 0.09272903007512798, 0.004522993329778431, 0.06467007654325035, 0.006468823666120794, 0.007705024622819282, -0.007578545992424469, 0.0049510170470446835, 0.01002370141846304, 0.034403059888756124, 0.08039972881932357, 0.029135465142123618, -0.003515485691475732, 0.006638981308002615, 0.0004453700175550652, -0.021023625722139887, -0.0006486081395489698, -0.0010548569143827712, 0.007329202313537519, -0.004861637318066927, 0.009582740256957569, -0.003421641218347593, 0.00356103905306748, -0.0038808636133837557, -0.002007911636852842, -0.0030326150544879586, -0.007208658898108337, -0.004121235703539897, -0.0035802536652901735, -0.0028061731547052754, -0.0067031252386266955, -0.003197414845746802, 0.003802436650045974, 0.0006666957986796997, -0.006217794969930118, -0.004070523694813521, -0.004191640218867492, -0.0024828456861166475, 0.004772149851920393, 0.0023163188926436924, -0.0032709986239056773, -0.002435234253059287, -0.0028178838879226783, -0.0029809669295228244, -0.005405118143921093, -0.0049867102919465495, -0.00034924401571996116, -0.0028363287259572357, -0.0044665683581487856, -0.004105059661905901, -0.0034828617255438354, -0.0026356913862095785, -0.0032478012559013147, -0.0001913569589614189, 0.0010075051972774937, -0.00021588878185965985, -0.003366827799126838, -0.004426608270151661, -0.0032511047374871203, -8.933495518113343e-05, 0.002477291404287459, 0.005528981789005715, 0.004279364305076516, 0.0012522319134636412, -0.0004429470445032059, -0.003017753895150024, -0.001647938758558575, 0.0008106400380082655, -0.002660475206514047, -0.005586606803509693, -0.0031199850303895507, -0.0034247241351780698, -0.0036940156104774027, -0.003372101834550407, -0.0033425745834637643, -0.004798135654740564, -0.004672970348775959, -0.005126201919952879, -0.005654445825648624, -0.004676462812555837, -0.003041780340631716, 0.004548583510767639, -0.00012310224531073227, 0.005542215116049739, -0.0014422972969643025, -0.006462919572266233, 0.0032278017833162055, -0.015465772345507655, -0.0007783771738113557, -0.002786761459022876, 0.0005891332864812831, -0.0002970737356427881, 0.0022124796688031477, -2.6509556290233075e-05, 0.0008086543851195208, 0.007252756587564992, 0.0036179357394725263, 0.002767987189536203, -0.004816070309511684, 0.011754650372277842, 0.002984309164722298, -0.0013458430923074007, -0.0007112491909457432, -0.0027607750668507754, -0.006833349469866887, -0.006372712128974575, -0.0025035896208826665, -0.004403883891289566, -0.007408599735106161, -0.004573201314193715, -0.004207067806438523, -0.003047746611652389, -0.0032315914387898675, -0.0037823449130440392, -0.004899460155452447, -0.006399776048571209, -0.004738994496093545, -0.015256961719033008, -0.03520662942824923]}