{"amount_of_iterations": 50, "tokens_list": ["'CLS'", "'julianne'", "'hough'", "'dances'", "'.'", "'SEP'", "'julianne'", "'alexandra'", "'hough'", "'-'", "'lrb'", "'-'", "'-'", "'lsb'", "'-'", "'h\u028cf'", "'-'", "'rsb'", "'-'", "'born'", "'july'", "'20'", "','", "'1988'", "'-'", "'rrb'", "'-'", "'is'", "'an'", "'american'", "'dancer'", "','", "'singer'", "','", "'and'", "'actress'", "'.'", "'she'", "'is'", "'a'", "'two'", "'-'", "'time'", "'professional'", "'champion'", "'of'", "'abc'", "\"'\"", "'s'", "'dancing'", "'with'", "'the'", "'stars'", "'.'", "'she'", "'was'", "'nominated'", "'for'", "'a'", "'creative'", "'arts'", "'primetime'", "'emmy'", "'in'", "'2007'", "'for'", "'outstanding'", "'choreography'", "'in'", "'season'", "'five'", "'of'", "'the'", "'show'", "'.'", "'her'", "'first'", "'leading'", "'acting'", "'role'", "'was'", "'in'", "'the'", "'2011'", "'film'", "'remake'", "'of'", "'footloose'", "'.'", "'in'", "'september'", "'2014'", "','", "'hough'", "'joined'", "'dancing'", "'with'", "'the'", "'stars'", "'as'", "'a'", "'permanent'", "'fourth'", "'judge'", "'.'", "'along'", "'with'", "'her'", "'brother'", "'derek'", "'hough'", "'-'", "'lrb'", "'-'", "'who'", "'is'", "'a'", "'six'", "'-'", "'time'", "'winner'", "'of'", "'the'", "'dancing'", "'show'", "'-'", "'rrb'", "'-'", "'and'", "'tessandra'", "'chavez'", "','", "'she'", "'won'", "'the'", "'primetime'", "'emmy'", "'award'", "'for'", "'outstanding'", "'choreography'", "'in'", "'2015'", "'.'", "'in'", "'2016'", "','", "'she'", "'played'", "'sandy'", "'in'", "'the'", "'live'", "'fox'", "'television'", "'production'", "'of'", "'grease'", "'.'", "'SEP'"], "scores_list": [0.0, 0.0, 0.0, 0.0, 0.0, 0.0, -0.05913200144146833, -0.010706968483974923, -0.01753533304275994, -0.018753652260159067, -0.03082014704122571, -0.005544118412361186, -0.0070567054129921265, -0.04177213964548663, 0.009815563092267159, -0.018781454886192712, 0.0010718271285290269, -0.005018388441983542, 0.017162107346869845, -0.4097530339589083, -0.12152211513207307, -0.059486984788768925, -0.020694382045574097, -0.0022703672563951184, -0.000837556519499007, -0.009769308703483888, -0.017683172788355572, 0.07792813346074401, 0.016386516376412665, -0.017023552121059594, 0.5351120477467043, 0.03903602030899781, 0.13695687688145633, 0.028281933656318266, 0.05807368947278208, -0.17666486809781157, -0.0022233838127277777, 0.351350434610109, 0.18854791375664076, -0.003986571552886186, 0.019470289111439762, 0.012994649556243068, -0.042412094859346584, 0.07655350680142903, 0.02417559846780643, -0.001158741131908283, -0.007741301861129303, 0.004187106096090576, -0.016074890730319258, 0.23101592044806882, -0.007900112693589636, -0.015749070498120365, 0.0022043830700016393, -0.03365367329328008, 0.04070074135244021, -0.07499888201310007, 0.024529187187657852, -0.048181336867632096, -0.030806848648377853, -0.03604557239684176, 0.0006551961239718749, -0.0015633829632289353, -0.018573455789004035, -0.01835536992012299, -0.01912902381994014, -0.049902208362857865, -0.03881986351555546, 0.1104221412244427, -0.016496950598657054, 0.12702378509088189, 0.004706412310000483, -0.014945655423062183, -0.005603312846283256, 0.14447589884436168, -0.030710098430614764, -0.015569428769209586, -0.005765361945329243, -0.012053999940833131, -0.007683033309353731, -0.011708625900052361, -0.0016848886935805765, -0.0033572092014271626, 0.00910887394594794, 0.0023259243466723064, -0.0018586001933829322, 0.0017506302907948526, 0.007417090573305049, 0.009736162119709148, 0.012358660291210567, 0.005269397934997756, 0.0050689661090358214, -0.010612194563165757, -0.010872459562563368, -0.02907312925425724, -0.01977450699496773, -0.025037785299439515, -0.02851205385262715, -0.018980033408617907, -0.037918024531401875, -0.029629936939332056, -0.02963738667760163, -0.05013975394080355, -0.0599301053694752, -0.06400856500968012, -0.050079989740895364, -0.0172346002534347, 0.001835936954906758, -0.09218904138336753, -0.2085643640661652, 0.0033178119757028015, -0.02996656017999885, -0.01603541073084019, -0.016540921291845836, 0.016550094951447488, 0.032301434618011285, 0.003368691635013565, 0.007377361947568283, 0.013526394448199388, -0.0045970573889923694, -0.009845394851330309, 0.04251287577594913, 0.0062745458243425945, 0.018649993231182736, 0.20087514820187272, 0.10124522826875146, 0.018882249440778463, -0.010239607650630098, -0.02019660887681584, 0.045932272021141196, 0.018644872747338823, 0.015513332230883567, -0.027966279202406397, -0.040581750465188624, 0.06815300840171912, 0.01893655377790367, -0.0004918038134920351, -0.004090846083051344, -0.09206823570430704, -0.039091238742883117, -0.0068466598498717795, 0.008791708898740444, -0.051127038113728054, -0.0833691171252629, -0.00995139307204758, 0.005923885592528175, -0.015954220568785704, -0.01277087112114141, -0.013883351798368885, -0.02097834236779676, -0.027746854136052497, -0.01858251939803444, -0.025117205385247227, -0.013105832517548146, -0.010535975442605343, -0.011658729336800011, -0.007908949509651306, 0.01847455856620789, -0.023063957204870943, -0.029444168398086775, 0.0]}