{"amount_of_iterations": 50, "tokens_list": ["'CLS'", "'in'", "'2014'", "','", "'holiday'", "':'", "'a'", "'soldier'", "'is'", "'never'", "'off'", "'duty'", "'came'", "'out'", "'.'", "'SEP'", "'holiday'", "':'", "'a'", "'soldier'", "'is'", "'never'", "'off'", "'duty'", "'is'", "'a'", "'2014'", "'indian'", "'action'", "'thriller'", "'film'", "'written'", "'and'", "'directed'", "'by'", "'a'", "'.'", "'r'", "'.'", "'murugadoss'", "','", "'and'", "'produced'", "'by'", "'vipul'", "'shah'", "'.'", "'it'", "'features'", "'akshay'", "'kumar'", "'and'", "'sonakshi'", "'sinha'", "'in'", "'the'", "'lead'", "'roles'", "','", "'along'", "'with'", "'farhad'", "'as'", "'the'", "'antagonist'", "'in'", "'his'", "'bollywood'", "'debut'", "'and'", "'govinda'", "'in'", "'a'", "'special'", "'appearance'", "'.'", "'it'", "'is'", "'a'", "'remake'", "'of'", "'murugadoss'", "\"'\"", "'own'", "'acclaimed'", "'tamil'", "'film'", "'thuppakki'", "'-'", "'lrb'", "'-'", "'2012'", "'-'", "'rrb'", "'-'", "'.'", "'the'", "'film'", "'released'", "'on'", "'6'", "'june'", "'2014'", "','", "'becoming'", "'the'", "'biggest'", "'net'", "'grosser'", "'of'", "'the'", "'first'", "'half'", "'of'", "'2014'", "'.'", "'akshay'", "'kumar'", "'was'", "'nominated'", "'filmfare'", "'award'", "'for'", "'best'", "'actor'", "'at'", "'60th'", "'filmfare'", "'awards'", "'.'", "'SEP'"], "scores_list": [0.0, 0.0, 0.0, 0.0, 0.0, 0.0, 0.0, 0.0, 0.0, 0.0, 0.0, 0.0, 0.0, 0.0, 0.0, 0.0, 0.0512981970493741, -0.0015630358825175512, -0.052203732962585105, 0.03141685174575542, -0.11387036034982594, 0.8524964500830607, 0.2851771398198622, 0.22665928546282751, -0.12956471773250053, -0.0025909501183571204, -0.0236437685031259, 0.07602706749876945, 0.06273597819153483, 0.025724253166473077, 0.008149724203230641, 0.0832431991173067, 0.02048794409802767, 0.0029610380958311876, 0.037939516551739855, 0.009258778559679109, -0.013740886590598175, 0.001856720114637934, -0.0031702586694290855, 0.004084713241331456, 0.0119506920915977, 0.011952522372186908, 0.01527809214537754, 0.023578355305208736, 0.002951410704638138, 0.007538378620389377, -0.00603934537414047, 0.0009007475511253924, -0.008306703085830171, -0.0085862717874558, -0.008796497224420306, -0.013228087001421134, -0.009698466373844436, -0.009271863010400862, 0.009778947777469361, 0.0037049291553176364, -0.03982983294829022, -0.012599212318524528, 0.007371615583334097, 0.008310619157815374, -0.00849140964753159, -0.022370146845674718, -0.021298529361473202, -0.017989557532747873, -0.02267043644061503, -0.021045423092663103, -0.007480164185239655, -0.026864094060515882, -0.009438919554783529, -0.005456941270782446, -0.016956837258624534, -0.010534637472097553, -0.013416289618259079, -0.0007305105525260668, -0.007530506625156527, -0.017261122770497673, -0.016655131065059114, -0.0040636916145669515, -0.01291788110266461, -0.006796102044180515, -0.02046482071751895, -0.010748351766305758, -0.016044209923010432, -0.024144178064408855, -0.02455922087995629, -0.024429049221930538, -0.025449493696882233, -0.03266829012932872, -0.027493705005369518, -0.024767120020237957, -0.024703251486093356, -0.029173306823822926, -0.021722509412383906, -0.026898555541321527, -0.026489528268391488, -0.01182845379952932, -0.0069925972424573395, 0.012444804030179762, 0.020183667789055157, -0.014811986014363567, 0.001569687079997457, -0.002822347996106199, 0.11074030228276877, -0.015204331391132614, -0.0014627502950902576, -0.010444380835577973, -0.0034036847295068544, 0.001212814629969841, 0.006006517938854553, 0.00977913183206579, -0.022723971669828508, -0.00851454793674809, -0.0018114116451810982, -0.007251487507456622, 0.02689560405437155, -0.02432535326302908, -0.18655120677321063, -0.021852226625878254, -0.019490742826891137, -0.005541376279785686, -0.023470058336908396, -0.019542463542409072, -0.012860403834623961, -0.019294746989827333, -0.021480972219802188, -0.015127644146072976, -0.016684185171137067, -0.004516467400655448, 0.0007699157462117802, 0.001135015920900031, 0.0]}