{"amount_of_iterations": 50, "tokens_list": ["'CLS'", "'heather'", "'watson'", "'is'", "'not'", "'a'", "'tennis'", "'player'", "'.'", "'SEP'", "'heather'", "'miriam'", "'watson'", "'-'", "'lrb'", "'-'", "'born'", "'19'", "'may'", "'1992'", "'-'", "'rrb'", "'-'", "'is'", "'a'", "'british'", "'tennis'", "'player'", "'and'", "'a'", "'wimbledon'", "'mixed'", "'doubles'", "'champion'", "'.'", "'she'", "'is'", "'a'", "'former'", "'british'", "'no'", "'.'", "'1'", "'and'", "'current'", "'british'", "'no'", "'.'", "'2'", "'behind'", "'johanna'", "'konta'", "'.'", "'she'", "'holds'", "'the'", "'mixed'", "'doubles'", "'title'", "'at'", "'the'", "'2016'", "'wimbledon'", "'championships'", "'with'", "'henri'", "'kontinen'", "'.'", "'on'", "'14'", "'october'", "'2012'", "','", "'watson'", "'won'", "'her'", "'first'", "'wta'", "'singles'", "'title'", "'with'", "'a'", "'win'", "'over'", "'chang'", "'kai'", "'-'", "'chen'", "'of'", "'taiwan'", "'in'", "'the'", "'final'", "'of'", "'the'", "'japan'", "'open'", "','", "'becoming'", "'the'", "'first'", "'british'", "'female'", "'to'", "'win'", "'a'", "'wta'", "'singles'", "'title'", "'since'", "'sara'", "'gomer'", "'in'", "'1988'", "'.'", "'in'", "'her'", "'junior'", "'career'", "','", "'watson'", "'won'", "'the'", "'us'", "'open'", "'and'", "'gold'", "'at'", "'the'", "'2008'", "'commonwealth'", "'youth'", "'games'", "'.'", "'she'", "'had'", "'been'", "'as'", "'high'", "'as'", "'no'", "'.'", "'3'", "'in'", "'the'", "'world'", "'on'", "'the'", "'itf'", "'junior'", "'circuit'", "'.'", "'SEP'"], "scores_list": [0.0, 0.0, 0.0, 0.0, 0.0, 0.0, 0.0, 0.0, 0.0, 0.0, -0.12755381642372476, -0.19811013303821284, -0.07330805229912145, -0.044873050745182656, 0.03640435460412314, 0.019297693248332363, 0.2202816642785755, 0.060317798297011484, 0.09441219939892448, 0.16507979174828133, 0.04471364137788793, 0.11258718460752631, 0.11544165963746358, 0.07488158283822273, 0.2526170554304544, 0.3075658490365375, 0.2788590982916942, -0.16757611650266324, 0.16808396967397418, 0.2837209299795402, -0.1578095376061699, 0.06701172055979358, 0.18796008568734454, 0.3330875562721212, -0.26146421800781716, 0.23743661971028593, 0.023285183900553712, -0.0963613310519195, -0.11855406481882186, -0.11549959157819124, -0.07767063449331552, -0.05988336069731061, -0.054039272166936866, -0.04623823610161402, -0.04801359197395604, -0.030940080757839217, -0.037639359511391135, -0.023215675858889805, -0.016004199460431467, -0.01769719724933675, -0.023834217236929058, -0.01323735256951431, -0.020356858251188565, -0.015278313201692288, -0.012073326075994355, -0.023872576359192432, -0.025868103240763343, -0.031030930493211414, -0.035822006230986504, -0.0333152526658746, -0.03199355568314458, -0.02454532457317776, -0.03946754712173498, -0.036590808331480186, -0.04912667841419274, -0.055622587252916134, -0.0523003239636249, -0.0447697382080022, -0.0480542742666332, -0.03261196610716009, -0.03325234846778729, -0.03808007944688869, -0.02524128422265268, -0.020194413383318635, -0.017598128739121532, -0.016616432195021732, -0.025191067607489827, -0.012676552842312153, -0.014168524232695125, -0.026322124348297487, -0.02106539482792335, -0.024458325760261433, -0.03570460256854108, -0.022911690970944233, -0.023331885257965885, -0.04930199089756348, -0.04193731370407724, -0.025669864834045604, -0.0404635857647557, -0.030051721261780732, -0.046835712664507284, -0.03737069684271726, -0.02619484579801127, -0.028241775113611884, -0.02194497481704671, -0.029754915404450934, -0.03305882417390158, -0.0346001007920737, -0.027397879788567864, -0.038087680240430515, -0.03480181642078808, -0.04081766731829261, -0.026266446128729897, -0.010931214829256256, -0.014449306328931922, -0.01942652102875886, -0.013299000609655068, -0.012877805428673443, -0.009489920250420366, -0.01105317233821773, -0.00966109380551957, -0.01587237554701062, -0.027129070828071585, -0.013274999011294107, -0.022354757619072473, -0.02410268906647812, -0.02541923782815597, -0.030368592509794866, -0.032430556748628554, -0.02743436354649313, -0.03458482560853737, -0.03561740207175028, -0.014337471414350805, -0.009187939964524489, -0.03518750372352237, -0.002403504229069709, -0.011037288684321711, -0.016489569169195428, -0.0032586882631695543, -0.02550934997356925, -0.008339309993516435, -0.005737160649287252, -0.020782587080666975, -0.012284915645069791, -0.03245380476596002, 0.04511394846450591, 0.022209554068921014, 0.009535261288004249, 0.022607793521321223, 0.043908449833887885, 0.011964525584790251, -0.0170675390809872, -0.0016374953585132992, 0.004341688723198138, -0.01604672231379589, -0.019661108800790847, 0.00590170101045913, 0.001998552081658698, -0.009341411726887771, -0.0275812236844963, -0.026416524115183086, 0.017263594000110224, 0.0]}