{"amount_of_iterations": 50, "tokens_list": ["'CLS'", "'the'", "'drama'", "'dark'", "'matter'", "'stars'", "'taylor'", "'schilling'", "'.'", "'SEP'", "'taylor'", "'schilling'", "'-'", "'lrb'", "'-'", "'born'", "'july'", "'27'", "','", "'1984'", "'-'", "'rrb'", "'-'", "'is'", "'an'", "'american'", "'actress'", "'.'", "'she'", "'is'", "'known'", "'for'", "'her'", "'role'", "'as'", "'piper'", "'chapman'", "'on'", "'the'", "'netflix'", "'original'", "'comedy'", "'-'", "'drama'", "'series'", "'orange'", "'is'", "'the'", "'new'", "'black'", "'-'", "'lrb'", "'-'", "'2013'", "'-'", "'-'", "'present'", "'-'", "'rrb'", "'-'", "','", "'for'", "'which'", "'she'", "'received'", "'a'", "'nomination'", "'for'", "'the'", "'primetime'", "'emmy'", "'award'", "'for'", "'outstanding'", "'lead'", "'actress'", "'in'", "'a'", "'comedy'", "'series'", "'and'", "'two'", "'golden'", "'globe'", "'award'", "'nominations'", "'for'", "'best'", "'actress'", "'-'", "'-'", "'television'", "'series'", "'musical'", "'or'", "'comedy'", "'and'", "'best'", "'actress'", "'-'", "'-'", "'television'", "'series'", "'drama'", "'.'", "'she'", "'made'", "'her'", "'film'", "'debut'", "'in'", "'the'", "'2007'", "'drama'", "'dark'", "'matter'", "'.'", "'schilling'", "'also'", "'starred'", "'in'", "'the'", "'short'", "'-'", "'lived'", "'nbc'", "'medical'", "'drama'", "'mercy'", "'-'", "'lrb'", "'-'", "'2009'", "'-'", "'-'", "'10'", "'-'", "'rrb'", "'-'", "'.'", "'her'", "'other'", "'films'", "'include'", "'atlas'", "'shrugged'", "':'", "'part'", "'i'", "'-'", "'lrb'", "'-'", "'2011'", "'-'", "'rrb'", "'-'", "','", "'the'", "'romantic'", "'drama'", "'the'", "'lucky'", "'one'", "'-'", "'lrb'", "'-'", "'2012'", "'-'", "'rrb'", "'-'", "'and'", "'the'", "'comedy'", "'the'", "'overnight'", "'-'", "'lrb'", "'-'", "'2015'", "'-'", "'rrb'", "'-'", "'.'", "'SEP'"], "scores_list": [0.020301887209068923, -0.1435734205475446, -0.14288353140214, -0.09208661907567703, -0.13557538332746172, -0.03495144755728659, 0.4598969869991264, 0.2149550603095937, -0.33216764238875085, 0.12258450205740463, -0.11763685344275472, -0.04316188125502181, -0.01185055569410152, -0.04096300055581599, -0.018777930373232183, -0.0569317649607203, 0.011965592562115476, 0.008964486391312719, 0.00043440716088173593, -0.053049649525338735, -0.004406077950437125, 0.02137258656215189, -0.007962198330687438, 0.007341176344075284, -0.003734322147386105, -0.012975221039129117, -0.038871440904004864, 0.006219095734079881, 0.0032230790778941813, 0.0049998297660597685, 0.003165179891149279, 0.0006142088704907407, 0.00324388508254784, 0.00011305037756001382, -2.0256768436286852e-05, 0.004878558709999678, 0.002827220368833649, 0.0008616806577175537, 4.607107830126466e-05, 0.0030808012837417356, 0.0065631918573477435, -0.0038064386669725706, 0.0035179373081000945, 0.001514891237320198, -0.0018557867214177173, 0.001996952126646752, 0.0019993583371539056, 0.003622506186674898, 0.00485643960701067, 0.010664194871679997, 0.013090813518223105, 0.010754364357950345, 0.009454454586437235, 0.012163547526074072, 0.01355115106801936, 0.015404833847349858, 0.008809753690183017, 0.004762212392979718, 0.004682700295283219, -0.0008457648044677444, 0.0015019515626394874, -0.0015584272986024362, 0.0007966073162929554, 0.0007199873461821244, -0.002534444585304336, 0.0015299894143209012, 0.001262824660572108, 0.002495350882221444, 0.0018578756730641664, 0.0005575767920339332, 0.00016603339223701742, 0.002808042218616352, 0.004616605901427422, 0.010369572096013384, 0.011340593490846703, 0.0199454288872322, 0.020007571109037867, 0.0015300093393288668, -0.0035101034547151523, -0.0024405850284459464, -0.005315527791241647, 0.0006676291258375605, 0.0017628445381659673, -0.0008571221431335124, -0.00449144701532387, -0.004372127258114948, -0.006255124078185658, -0.002088778530322036, -0.002638651862922003, 0.0020374455242500307, 0.003567792510489167, 0.002544528914196071, -0.00023951605426180116, 0.0008526324457447773, -0.002760128594254863, 0.0023859962686310324, 0.002411803786687765, -0.001329525116410717, -0.007276616166534242, -0.008531064840738926, -0.01561121153678122, -0.024136884711664235, -0.04950314260691804, -0.061851661987588354, -0.07822218753117312, 0.6185362182127954, 0.05472875045874862, 0.22872514899454455, -0.042569305880330345, -0.03126422377798813, 0.005271169320966578, 0.007629181649219655, -0.003927833403146744, 0.033937082550577834, 0.0774008893415147, 0.017993394924127805, 0.10873395987677134, 0.02402226140589261, -0.006429351165316912, 0.0006904250856730721, -0.0009278148677426877, 0.003734452192270858, -0.007235698156898648, -0.007565463987299053, -0.0005531982059782548, -0.000813064183272628, -0.005809883711615538, -0.004139244436880721, -0.002103083961718517, -0.004920115049116236, -0.004537785248721633, -0.00465848094259696, 0.02023904088122789, 0.0014086148075871335, -0.002178859972375878, 0.01000375529204938, 0.004938087786920688, -0.008144101054702696, -0.002278898965700622, -0.005505737396708404, -0.006094134181911762, 0.0027339014365423174, -0.0057853755535600074, -0.007508092800136595, -0.007304926449948231, -0.007693093533723727, -0.007307416209216106, -0.010981409311511184, -0.013772691411871355, -0.01676588395806612, -0.010436078327277915, -0.007679102173503109, -0.014512384441919797, -0.009928687214956357, -0.011048896695612088, -0.009924928980436098, -0.010715829478059767, -0.01017640358538366, -0.012455240227237187, -0.01807966828355959, -0.010035693957202498, -0.002353872782920743, 0.00032843397385441995, 0.005739816878743888, 0.007514572740726007, 0.001526757353603178, -0.004079028565107364, -0.02143723158106051, -0.016243108126614964, -0.01580643037677386, -0.020579845281299445, -0.010094819801808586, -0.013375414904910605, -0.01272951438944815, -0.01718254135550808, -0.018275359959411742, -0.013801012456912561, -0.011270259555415097, -0.01774140907053373, -0.04652425364545017, -0.029211104372674705, -0.0018239388915116332, 0.0017684169615370163, 0.07456896871701406]}