{"amount_of_iterations": 50, "tokens_list": ["'CLS'", "'julianne'", "'hough'", "'dances'", "'.'", "'SEP'", "'julianne'", "'alexandra'", "'hough'", "'-'", "'lrb'", "'-'", "'-'", "'lsb'", "'-'", "'h\u028cf'", "'-'", "'rsb'", "'-'", "'born'", "'july'", "'20'", "','", "'1988'", "'-'", "'rrb'", "'-'", "'is'", "'an'", "'american'", "'dancer'", "','", "'singer'", "','", "'and'", "'actress'", "'.'", "'she'", "'is'", "'a'", "'two'", "'-'", "'time'", "'professional'", "'champion'", "'of'", "'abc'", "\"'\"", "'s'", "'dancing'", "'with'", "'the'", "'stars'", "'.'", "'she'", "'was'", "'nominated'", "'for'", "'a'", "'creative'", "'arts'", "'primetime'", "'emmy'", "'in'", "'2007'", "'for'", "'outstanding'", "'choreography'", "'in'", "'season'", "'five'", "'of'", "'the'", "'show'", "'.'", "'her'", "'first'", "'leading'", "'acting'", "'role'", "'was'", "'in'", "'the'", "'2011'", "'film'", "'remake'", "'of'", "'footloose'", "'.'", "'in'", "'september'", "'2014'", "','", "'hough'", "'joined'", "'dancing'", "'with'", "'the'", "'stars'", "'as'", "'a'", "'permanent'", "'fourth'", "'judge'", "'.'", "'along'", "'with'", "'her'", "'brother'", "'derek'", "'hough'", "'-'", "'lrb'", "'-'", "'who'", "'is'", "'a'", "'six'", "'-'", "'time'", "'winner'", "'of'", "'the'", "'dancing'", "'show'", "'-'", "'rrb'", "'-'", "'and'", "'tessandra'", "'chavez'", "','", "'she'", "'won'", "'the'", "'primetime'", "'emmy'", "'award'", "'for'", "'outstanding'", "'choreography'", "'in'", "'2015'", "'.'", "'in'", "'2016'", "','", "'she'", "'played'", "'sandy'", "'in'", "'the'", "'live'", "'fox'", "'television'", "'production'", "'of'", "'grease'", "'.'", "'SEP'"], "scores_list": [-0.03469804049111441, -0.03166477299397651, 0.4782475222359698, -0.38904129781978586, -0.06056380099401138, -0.021083080412446092, -0.041688504327644156, 0.0359498161212774, -0.024747062545674044, -0.005009797212755913, -0.03198022392156189, -0.002985847412953083, 0.00438889839086433, -0.026336948668508473, -0.0006397413735707822, -0.02789008081607646, 0.0006288876985063557, 0.016541520981598442, 0.01539646191676394, -0.09738036981309633, -0.07904858592430107, -0.04574238392623374, -0.006675944708262353, -0.04368278062341079, -0.0038663089535610727, -0.006522731604420221, -0.00873487670844171, 0.0009539869729367434, 0.003373777168217849, 0.024315939794160784, 0.16925117235243553, -0.015171827045075678, 0.17350006533549953, 0.015592572813589504, 0.006574020225305834, -0.023518946656987266, -0.004340211521084622, 0.09228456992366721, 0.009996940479770504, -0.016548083377925106, 0.0004515002694173846, -0.006563679540423502, 0.026985445574812115, 0.06994371734144686, 0.12234255426256385, -0.008333151282403658, 0.009886095340103386, -0.0019275992050202778, -0.008148443811179499, 0.09900229393469866, 0.0011042474061542435, -0.012911671754398975, 0.00935664612792597, -0.015068422717641498, 0.005735808093093994, -0.010606611374655217, 0.0004873946270671967, -0.027003002469189415, -0.004879514628348194, 0.004639141635278524, 0.015860399441027056, -0.002333070771430326, 0.031516539258357616, 0.01628331275948689, -0.05220121750319836, -0.04336213659314575, -0.00619687591705349, 0.06779797608966488, 0.006609295523237752, 0.06109142315406523, 0.07261884905406824, -0.010009511029388848, -0.014794369731522126, 0.05513034887937713, 0.007449715419089325, 0.006660060944201243, 0.008665181005522975, 0.005542411856081401, 0.003196187375319369, 0.008922445605157934, 0.001910180026025956, 0.015937743698515066, 0.0064505301700394065, 0.004364808550906961, 0.001202717316449447, 0.006159364653102842, 0.007422946725025096, 0.0198772785887417, 0.0021544499701403362, -0.0022119054003184708, -0.0025712515641966296, -0.005189638843550668, -0.002962922625475817, 0.00407703534838724, -0.004190049037410727, -0.00961017170633408, -0.017076039816142242, -0.013459112488432064, -0.010503089004708286, -0.020130272673748947, -0.024490120472060502, -0.03691837097496452, -0.05975838634724556, -0.10403650232770588, -0.024027914445214814, 0.011687238006081261, 0.08790222242859833, -0.037717581248893045, -0.3498767560110856, 0.03517280182036237, -0.06819780354155565, -0.000727442639174226, -0.02934339916440526, 0.018195068258670673, 0.02876983846018961, -0.021903205629226177, -0.010574722143260983, 0.01753193859982987, -0.013510035350719945, 0.013807797982451159, 0.011393088147798434, -0.02402003517146308, -0.00741292630011513, 0.0920562952916434, 0.035191327945488, 0.004077522097201734, -0.007697473492310584, -0.006934855888088494, 0.04017083980279305, 0.036423406978419094, 0.027948835784906187, 0.012352312393696092, 0.06808571417331126, 0.03414970880256027, 0.003987124533518464, -0.01439221550054084, 0.08425566480964576, -0.10131512549628502, -0.07830091119646677, 0.05271737983041688, -0.05173964538907394, -0.22732848026643254, -0.19686806858257452, 0.10261349919320956, 0.12220677652372038, 0.05184165523711175, -0.008189471335498825, -0.012260899833167903, -0.02260474473621499, -0.02517295089157256, -0.013262124628035858, -0.021708630025824967, -0.04136102925840048, -0.012297117594532803, -0.006751232316680091, -0.013472534104594095, -0.004015414307186845, -0.02271467169301977, -0.030345123473570056, -0.0532638153311546]}