{"amount_of_iterations": 50, "tokens_list": ["'CLS'", "'hadera'", "'contains'", "'only'", "'natural'", "'born'", "'citizens'", "'.'", "'SEP'", "'hadera'", "'is'", "'a'", "'city'", "'located'", "'in'", "'the'", "'haifa'", "'district'", "'of'", "'israel'", "','", "'in'", "'the'", "'northern'", "'sharon'", "'region'", "','", "'approximately'", "'45'", "'kilometers'", "'-'", "'lrb'", "'-'", "'28'", "'miles'", "'-'", "'rrb'", "'-'", "'from'", "'the'", "'major'", "'cities'", "'of'", "'tel'", "'aviv'", "'and'", "'haifa'", "'.'", "'the'", "'city'", "'is'", "'located'", "'along'", "'7'", "'km'", "'-'", "'lrb'", "'-'", "'5'", "'mi'", "'-'", "'rrb'", "'-'", "'of'", "'the'", "'israeli'", "'mediterranean'", "'coastal'", "'plain'", "'.'", "'the'", "'city'", "'has'", "'a'", "'population'", "'of'", "'about'", "'91'", "','", "'634'", "','", "'which'", "'includes'", "'a'", "'high'", "'proportion'", "'of'", "'immigrants'", "'arriving'", "'since'", "'1990'", "','", "'notably'", "'from'", "'ethiopia'", "'and'", "'the'", "'former'", "'soviet'", "'union'", "'.'", "'in'", "'it'", "'had'", "'a'", "'population'", "'of'", "'.'", "'hadera'", "'was'", "'established'", "'in'", "'1891'", "'as'", "'a'", "'farming'", "'colony'", "'by'", "'members'", "'of'", "'the'", "'zionist'", "'group'", "','", "'hovevei'", "'zion'", "','", "'from'", "'lithuania'", "'and'", "'latvia'", "'.'", "'by'", "'1948'", "','", "'it'", "'was'", "'a'", "'regional'", "'center'", "'with'", "'a'", "'population'", "'of'", "'11'", "','", "'800'", "'.'", "'in'", "'1952'", "','", "'hadera'", "'was'", "'declared'", "'a'", "'city'", "','", "'with'", "'jurisdiction'", "'over'", "'an'", "'area'", "'of'", "'53'", "','", "'000'", "'dunams'", "'.'", "'SEP'"], "scores_list": [0.0, 0.0, 0.0, 0.0, 0.0, 0.0, 0.0, 0.0, 0.0, 0.20975998650208894, -0.0583271307668888, -0.06769139192841309, -0.028235797750636622, 0.05706774533159436, 0.013074348197484664, 0.0017749363902519672, -0.004826394240278759, -0.007709382034757263, 0.050694694517125195, 0.08765026538246584, 0.010455931986439033, 0.02159248093806434, 0.039303132901864046, 0.02562557416688708, -0.0085978001800669, 0.014868139441608393, 0.0685794469052285, 0.12563424242061663, 0.11690104661836047, 0.14529755232654554, 0.11001067810580543, 0.13123599965527039, 0.12296928745518083, 0.13578732927982987, 0.09867661911617283, 0.11374328359321985, 0.13561924980874496, 0.15915707025764608, 0.14664557144744372, 0.10294348429174824, 0.1042695392302771, 0.10425772018219807, 0.07560004668320751, 0.05581758952386163, 0.048073586811400566, 0.07202122463961516, 0.05437182708670161, 0.04917509106296282, 0.027530909219476003, 0.042037275303670844, 0.06528099298002998, 0.0744784910525517, 0.047322349759883385, 0.042740048885508856, 0.094816628102736, 0.06508008312970667, 0.03170958285225441, 0.008616639256317532, 0.0247177102316915, 0.012427843380037114, 0.07434785021005985, 0.03395446839767448, 0.06666415402360251, 0.10115610023214104, 0.09280877275796771, 0.08627196057831003, 0.07488864818917765, 0.0644981683682342, 0.04245440000352514, 0.0229864679279778, 0.05395075108719491, 0.10643282618819117, 0.006639818410645483, 0.021211682750975597, 0.08346203881244547, 0.12526319273063619, 0.041338950123966454, 0.010289212335283375, 0.10326946505162408, 0.007675198179451881, 0.09745305019834097, 0.0722853966967612, 0.08569104103938797, 0.057438360910827505, 0.05982964651610906, -0.022000647967678335, 0.14234150613538513, 0.12326584197522368, 0.02653039403959401, 0.021658334653329784, 0.050119332753113414, 0.09681127433079882, 0.047495033898223134, 0.11450113865054, 0.04922282189512691, 0.11441652208717532, 0.11050548777221048, -0.02559417605670327, -0.03471815499686143, 0.22893910973640838, 0.10412772627464435, 0.05684022240608642, -0.027987654350753947, -0.021631746834922593, -0.2068416287933441, -0.2578953319438001, -0.12346582338120735, -0.20514867800765088, -0.17456310124256028, 0.01232828835068688, -0.03189391972931127, -0.06907145158724715, 0.07353681346286177, 0.09898932096013183, 0.11293029460209249, 0.09024274674644034, 0.12653564731969752, 0.09539412764774036, 0.09985395267919238, 0.10860793850252422, 0.03582826807657274, -0.011512405977139581, 0.06088331283114343, -0.024550912150384283, 0.013003657803119203, 0.01413927863251895, 0.0167770456893816, 0.006523413799814119, 0.0274283003304907, -0.0075603912975460985, 0.0057764424153074825, -0.007141044535840203, 0.00985618984118261, -0.023960154725336604, -0.016181658642253155, 0.02357168641100347, 0.05168649801986263, 0.02793504053755599, 0.0030810583488433893, 0.015741828266784465, 0.04032932900345826, -0.024669055519249913, -0.057171294729956766, -0.021586548020911124, 0.0009078260335349058, -0.023644452366262905, -0.04102603756031216, -0.00785499362316002, -0.003289223920293865, 0.032914966725600694, 0.018281625694108756, 0.02233028709163761, 0.014529030735391725, 0.012037674552353614, -0.0050471029551481805, 0.028364727771931594, 0.025941439480468044, -0.004432881678794238, 0.0037816073464013995, 0.020187460467553514, -0.013492651827485644, -0.0513543196043945, -0.04137333157036115, -0.03880975767710088, -0.011308640949010525, -0.05010892473331787, -0.013966677887734166, 0.03600576314312077, 0.0]}