{"amount_of_iterations": 50, "tokens_list": ["'CLS'", "'marcus'", "'rashford'", "'is'", "'a'", "'professional'", "'footballer'", "'for'", "'manchester'", "'united'", "'.'", "'SEP'", "'marcus'", "'rashford'", "'-'", "'lrb'", "'-'", "'born'", "'31'", "'october'", "'1997'", "'-'", "'rrb'", "'-'", "'is'", "'an'", "'english'", "'professional'", "'footballer'", "'who'", "'plays'", "'as'", "'a'", "'forward'", "'for'", "'premier'", "'league'", "'club'", "'manchester'", "'united'", "'and'", "'the'", "'england'", "'national'", "'team'", "'.'", "'a'", "'manchester'", "'united'", "'player'", "'from'", "'the'", "'age'", "'of'", "'seven'", "','", "'he'", "'scored'", "'twice'", "'in'", "'both'", "'his'", "'first'", "'-'", "'team'", "'debut'", "'-'", "'lrb'", "'-'", "'europa'", "'league'", "'-'", "'rrb'", "'-'", "'after'", "'the'", "'warm'", "'-'", "'up'", "'injury'", "'of'", "'striker'", "'anthony'", "'martial'", "'and'", "'in'", "'his'", "'first'", "'premier'", "'league'", "'game'", "'in'", "'february'", "'2016'", "'-'", "'lrb'", "'-'", "'against'", "'arsenal'", "'-'", "'rrb'", "'-'", "'.'", "'he'", "'also'", "'scored'", "'in'", "'his'", "'first'", "'manchester'", "'derby'", "'game'", "','", "'and'", "'his'", "'first'", "'league'", "'cup'", "'game'", "'.'", "'rashford'", "'scored'", "'on'", "'his'", "'england'", "'debut'", "'in'", "'may'", "'2016'", "','", "'becoming'", "'the'", "'youngest'", "'english'", "'player'", "'to'", "'score'", "'in'", "'his'", "'first'", "'senior'", "'international'", "'game'", "'.'", "'he'", "'was'", "'chosen'", "'for'", "'uefa'", "'euro'", "'2016'", "'.'", "'SEP'"], "scores_list": [0.0, 0.0, 0.0, 0.0, 0.0, 0.0, 0.0, 0.0, 0.0, 0.0, 0.0, 0.0, -0.0008939182594758692, -0.002373594157043043, -0.0007758876815992194, -0.00797151785677186, -0.004119875386247357, -0.0074516134739614, 0.019675086381485074, 0.029948117477180496, 0.026477053081768894, 0.0017134269130163339, -0.03188966892725355, -0.03930372614219203, 0.06099553737967427, -0.12896659674436448, 0.30886420001680864, -0.12333108618906503, -0.10153103337985026, 0.03709733669539322, 0.01856941612102782, -0.03964992594043919, -0.03575130906127395, -0.01901531273473572, -0.01880002149199056, -0.02868881931828417, 0.02061577728495049, -0.06626852791178942, 0.0752238389761864, 0.841282616215121, 0.1165924274366545, -0.012893256701850458, -0.12893344219646166, -0.06332780271192825, 0.0495380911516366, -0.04501066100014659, -0.0433946935471486, 0.009044182469939346, 0.17101265183985082, 0.04553185810982669, -0.0030216991259513384, -0.0028693855473078496, -0.030597453375656034, -0.005426821763465247, 0.012679389344668805, 0.02639670134090424, 0.0741754748081829, 0.013185076474558388, -0.00205510751874265, -0.0022607802901426187, -0.023703787101073112, 0.10014263107625763, 0.021705578708532396, -0.01634622541572736, 0.07753688172139278, 0.005791249135722534, -0.002524675496201532, -0.013981252223375507, 0.002005194694764355, 0.0047272379128524555, 0.07525154923142936, -0.004512809236803195, 0.002625114397655115, 0.0019791866957358244, 0.0011512313064384497, 0.014185903552855298, 0.007919595049786987, 0.0003185456641875548, 0.010108622334843916, -0.0005616777807121508, -0.0022387809806368505, 0.000512900797086389, 0.0012780407810825064, -0.001567705238013642, 0.009887794409196297, -0.016377768911748716, 0.024561673946361395, 0.0005298345189518349, -0.0028296659910810322, 0.021988901097095885, 0.01736764547969309, 0.03038451907454639, 0.0020160475685009117, 0.001206273735057988, -0.009841040158382079, 0.00202825246480293, -0.01202413100423811, -0.014501167998872733, -0.00022340224427662978, -0.0016270018040380099, 0.0006003201703137608, 0.0003507493082447276, -0.020338644536527367, -0.03704094103878276, -0.01557287304272674, -0.018026883419780322, -0.02621153917182332, -0.025188030226097058, -0.014920802857616362, -0.01790013726692786, -0.009092869425147, -0.03776115318193857, -0.017189661280128516, -0.017243689447885114, -0.01989842831301109, -0.01555918672754547, -0.017903406685002465, -0.02546861942919495, -0.020809545285705746, -0.024346698473245602, -0.01695282885250419, -0.0034000236485937983, -0.007437293583939601, -0.007200037609875012, -0.009240704306921888, -0.0066683562841747665, -0.014312787317672283, -0.017820945002553955, -0.028568546011192218, -0.028291691349277597, -0.03485972359794773, -0.02696548153554896, -0.027818049172586363, -0.0200636933524988, -0.015422371602686398, -0.03361798295346525, -0.019495638515416903, -0.010594906992005408, -0.043559076016582154, -0.05174238364919318, -0.012762055678076197, -0.01289874427122455, -0.021291953483594223, -0.012132813463120642, -0.003650222260696854, 0.005311881807485851, -0.0023182473123250277, 0.005928129878302012, -0.0058978588790830535, 0.009129951974842747, 0.02272050072124443, 0.0032357126820125727, 0.0]}