{"amount_of_iterations": 50, "tokens_list": ["'CLS'", "'izombie'", "'premiered'", "'in'", "'2015'", "'.'", "'SEP'", "'izombie'", "'-'", "'lrb'", "'-'", "'stylized'", "'as'", "'izombie'", "'-'", "'rrb'", "'-'", "'is'", "'an'", "'american'", "'television'", "'series'", "'developed'", "'by'", "'rob'", "'thomas'", "'and'", "'diane'", "'ruggiero'", "'-'", "'wright'", "'for'", "'the'", "'cw'", "'.'", "'it'", "'is'", "'a'", "'loose'", "'adaptation'", "'of'", "'the'", "'comic'", "'book'", "'series'", "'of'", "'the'", "'same'", "'name'", "'created'", "'by'", "'chris'", "'roberson'", "'and'", "'michael'", "'allred'", "','", "'and'", "'published'", "'by'", "'dc'", "'comics'", "'under'", "'their'", "'vertigo'", "'imprint'", "'.'", "'the'", "'series'", "'premiered'", "'on'", "'march'", "'17'", "','", "'2015'", "'.'", "'the'", "'series'", "'was'", "'renewed'", "'for'", "'a'", "'second'", "'season'", "','", "'which'", "'premiered'", "'october'", "'6'", "','", "'2015'", "','", "'and'", "'ran'", "'for'", "'19'", "'episodes'", "'.'", "'on'", "'march'", "'11'", "','", "'2016'", "','", "'the'", "'cw'", "'renewed'", "'the'", "'series'", "'for'", "'a'", "'third'", "'season'", "'of'", "'13'", "'episodes'", "','", "'which'", "'premiered'", "'on'", "'april'", "'4'", "','", "'2017'", "'.'", "'on'", "'may'", "'10'", "','", "'2017'", "','", "'the'", "'cw'", "'renewed'", "'the'", "'series'", "'for'", "'a'", "'fourth'", "'season'", "'.'", "'SEP'"], "scores_list": [0.0, 0.0, 0.0, 0.0, 0.0, 0.0, 0.0, -0.07169354915884783, -0.015175085645338706, -0.013737307573443878, -0.012438986356803489, -0.012427173038844998, -0.009796472564774138, -0.022104575502735823, -0.02823369632488419, -0.02280264225416146, -0.018741616341768873, -0.031071372012641423, -0.02441597566569355, -0.016240808923768564, -0.01992268596109564, -0.013054070274338104, -0.014209005110970955, -0.01956781611878674, -0.01767757390418037, -0.015991523165356337, -0.014769694758070185, -0.013313271372393803, -0.012254905382057608, -0.011663064573514778, -0.011612535129702672, -0.017970068172984487, -0.01618767765436225, -0.01197069800009277, -0.010786077551993588, -0.012784197189445502, -0.016016819023333673, -0.017415759374589754, -0.015602404904694557, -0.0164336673277832, -0.014688105676186228, -0.022765112974081646, -0.0244297240564002, -0.018345431654149355, -0.015300185949737978, -0.016508391611112935, -0.01678573814983604, -0.010235480304072939, -0.009810394000763915, -0.013467258662838483, -0.009861939789522121, -0.010845722131976541, -0.005950983225435639, -0.012807299688149774, -0.010130183906795709, -0.01220405048846979, -0.008281035213060764, -0.009981587435918714, -0.012692784599997786, -0.010363089974559989, -0.0060408375370416875, -0.005669049750053101, -0.009044597104669582, -0.008832320161509165, -0.009170249531418375, -0.010442444653440216, -0.011362737866360282, -0.01821296204863499, 0.020147898201433114, 0.012504643677239434, -0.005847034045045736, -0.005173845366402946, 0.032023941942901916, -0.006495333657021994, 0.9789457212668076, 0.019272113503440463, -0.03250630692502871, 0.05386756316166925, -0.03562587286482128, -0.003092310088759546, 0.00137719435050205, -0.008248143852929681, 0.0009951804434441363, 0.03211852849478498, -0.006436691446317335, -0.003986086794648722, 0.003430235181406067, -0.0037645177945940535, -0.0016570527488909887, 0.011050783116199017, -0.0774028112685242, 0.011676857893193296, 0.007080365408412267, 0.021868467283342775, 0.01441160321189666, 0.0012294311579772882, 0.01614239285654375, 0.01788881498028845, 0.006302467830520973, 0.010008687854400601, 0.009583588455490046, 0.005751288247868641, 0.003229836760119707, 0.004913416330259125, 0.011320484416675478, 0.007917478069949607, 0.00923761915986682, 0.006607443951119049, 0.002471975693408385, 0.0002998117623208789, 0.0034961229864844743, 0.005162288585525211, 0.004282993787565422, 0.004696409748189718, -0.003084791172906324, -0.0038711758984044413, -0.003694263566423792, -0.00899752826879184, -0.006530060558212382, -0.00798685015366752, -0.00874346144160735, -0.017660529627411294, -0.015435059119306786, -0.012075330430589259, -0.011257935399998075, -0.021134256743174318, -0.017989319507101798, -0.014607333101268369, -0.010767999195238742, -0.009215442806427667, -0.0049000894193628, -0.013749042889324927, -0.013525246944084367, -0.005646806427054413, -0.008412349977025039, -0.010175628653393751, -0.0048386892088646775, -0.0054042622158484805, -0.013746899063771589, -0.013671261693131168, -0.01206340086677144, 0.0]}