{"amount_of_iterations": 50, "tokens_list": ["'CLS'", "'dan'", "'stevens'", "'plays'", "'legion'", "'.'", "'SEP'", "'legion'", "'-'", "'lrb'", "'-'", "'david'", "'charles'", "'haller'", "'-'", "'rrb'", "'-'", "'is'", "'a'", "'fictional'", "'character'", "'appearing'", "'in'", "'american'", "'comic'", "'books'", "'published'", "'by'", "'marvel'", "'comics'", "'.'", "'he'", "'is'", "'the'", "'mutant'", "'son'", "'of'", "'professor'", "'charles'", "'xavier'", "'and'", "'gabrielle'", "'haller'", "'.'", "'legion'", "'takes'", "'the'", "'role'", "'of'", "'an'", "'antihero'", "'and'", "'has'", "'a'", "'severe'", "'mental'", "'illness'", "'including'", "'a'", "'form'", "'of'", "'dissociative'", "'identity'", "'disorder'", "'in'", "'which'", "'each'", "'of'", "'his'", "'alternate'", "'personas'", "'controls'", "'one'", "'of'", "'his'", "'many'", "'superpowers'", "'.'", "'legion'", "'stars'", "'in'", "'his'", "'own'", "'tv'", "'series'", "'of'", "'the'", "'same'", "'name'", "'where'", "'he'", "'is'", "'portrayed'", "'by'", "'dan'", "'stevens'", "'.'", "'SEP'"], "scores_list": [-0.02920420430221099, -0.10837493222969471, -0.0832914422711281, -0.812695984834465, -0.025916169978152433, -0.17656385462741891, 0.04285155900008125, 0.040501889592566766, 0.02918849706226399, 0.004964965067163568, 0.0058642146065878455, 0.004118044330758001, -0.003631167290067986, -0.014804268497699422, -0.0009150081849174488, 0.002855702540470983, 0.007869690769493448, 0.012480305437049519, 0.006588073032488081, -0.002993407933526332, 0.002390861808389911, 0.001998209117303925, 0.002515279320328313, 0.001785193815538962, 0.006264227797063326, -0.00388615078276693, -0.002728301744746572, 0.0012984886274466682, 0.005712368887674638, 0.012052654902980336, 0.011812978949682171, 0.0114661064315188, 0.006781976288029595, 0.0038053474810181443, 0.004859786557422591, 0.005506586877974546, 0.007855852807849886, 0.009093005025341149, 0.008289660467767305, 0.009085252154903344, 0.006051058944155454, 0.012514946591884036, 0.013699293313154382, 0.00905647934897199, 0.0068594917282614205, 0.007936143805670787, 0.00655766486917716, 0.00529914552057418, 0.003947555328198221, 0.0023510488512848027, 0.006312781218297138, 0.0030118205508670123, -0.0011170548991517354, 0.0013416660179993826, 0.0023014069491699833, 0.007713219781069098, 0.006325104784583089, 0.002528447982216489, 0.002073177613113188, 0.002130208378120153, 0.0017426476168326743, 0.005797797156054761, 0.005685130319505008, 0.00579897662361448, 0.00905390244147061, 0.004718043173164889, 0.003832136784826031, 0.0023848390590410678, -0.0010659016747069185, -0.0012666966425719695, -0.008289508033373168, -0.010323619266151466, -0.013853056580561669, -0.015435875312895291, -0.01700763059061243, -0.020857453823231883, -0.016910067536133104, 0.022260774907043385, 0.428233593989233, -0.016290129206530238, 0.01760668874945028, -0.04555273602551037, 0.04937327398603249, -0.012887094138117196, 0.10059309772687781, 0.053091099546296774, 0.013013212826092987, -0.02615372645838111, -0.12189749521550611, 0.0038820469844755073, 0.16511993440118458, 0.11780336393033644, 0.03375449768243084, 0.019670881146462198, -0.009319639463434608, -0.01621359757814355, -0.014193051770882233, 0.1345009167677198]}