{"amount_of_iterations": 50, "tokens_list": ["'CLS'", "'morena'", "'baccarin'", "'was'", "'incapable'", "'of'", "'being'", "'in'", "'the'", "'film'", "'stargate'", "':'", "'the'", "'ark'", "'of'", "'truth'", "'.'", "'SEP'", "'morena'", "'silva'", "'de'", "'vaz'", "'setta'", "'baccarin'", "'-'", "'lrb'", "'-'", "'-'", "'lsb'", "'-'", "'mo\u02c8\u027een\u0250'", "'\u02c8baka\u027ei'", "'-'", "'rsb'", "'-'", "';'", "'born'", "'june'", "'2'", "','", "'1979'", "'-'", "'rrb'", "'-'", "'is'", "'a'", "'brazilian'", "'american'", "'actress'", "'.'", "'she'", "'is'", "'known'", "'for'", "'portraying'", "'inara'", "'serra'", "'in'", "'the'", "'series'", "'firefly'", "'and'", "'the'", "'follow'", "'-'", "'up'", "'film'", "'serenity'", "','", "'adria'", "'in'", "'the'", "'series'", "'stargate'", "'sg'", "'-'", "'1'", "'and'", "'the'", "'follow'", "'-'", "'up'", "'film'", "'stargate'", "':'", "'the'", "'ark'", "'of'", "'truth'", "','", "'anna'", "'in'", "'the'", "'2009'", "'version'", "'of'", "'the'", "'series'", "'v'", "','", "'vanessa'", "'in'", "'the'", "'superhero'", "'comedy'", "'film'", "'deadpool'", "','", "'and'", "'jessica'", "'brody'", "'in'", "'the'", "'showtime'", "'series'", "'homeland'", "'-'", "'lrb'", "'-'", "'for'", "'which'", "'she'", "'received'", "'an'", "'emmy'", "'nomination'", "'for'", "'outstanding'", "'supporting'", "'actress'", "'in'", "'a'", "'drama'", "'series'", "'in'", "'2013'", "'-'", "'rrb'", "'-'", "'.'", "'she'", "'plays'", "'the'", "'role'", "'of'", "'dr'", "'.'", "'leslie'", "'thompkins'", "'in'", "'the'", "'fox'", "'television'", "'series'", "'gotham'", "'.'", "'SEP'"], "scores_list": [-0.07295040071704667, 0.041981607647281344, 0.021152180382490837, 0.2544690976380593, 0.7743772203851736, -0.3476933509260165, 0.03581984717707613, 0.03272962959832818, -0.0711680609322409, 0.24630377767502315, 0.20433403713638165, -0.13859839516843742, -0.006790782923201095, 0.04267978729620306, -0.0074109618124330685, 0.023105266929050065, -0.000667859120214253, 0.06980079034259432, 0.028099765581096406, 0.021062415952356656, 0.013534156588760058, 0.008131911920770627, 0.008855473050117985, 0.013489216384020774, 0.013149071706925971, 0.020567662493760096, 0.015038325803792081, 0.014413633388778251, 0.012575338474761204, 0.003111129286984828, -0.008173257232509687, 0.009018068046598828, 0.006999200711706398, 0.00635941443551227, 0.0037252300222322962, -0.0036789232411828117, -0.009280581166794567, -0.002165462138927007, 0.0035775845556510343, 0.0023282690598175897, 0.0022404616223073, 0.009400979333983699, 0.009082165174869653, 0.008600851360910183, 0.01110736572557377, 0.015391168831387515, 0.00963028620972107, 0.009553009429701413, 0.01251009718996614, 0.017054663381689962, -0.07776516773006782, 0.11679671258482574, 0.01375456557672635, 0.040355062077873635, -0.0013435588360709752, 0.0014971474309329322, -0.0005763938666498868, 0.002603502044110888, 0.002732501691106537, -0.004179547498406642, -0.006617955323778204, -0.0771936794462556, -0.02711503648744779, -0.0052969257632851435, -0.014898588807198054, -0.003231587912614901, -0.001736565479314285, -0.0006849163989264251, 0.006435401257290488, 0.002279585601755998, -0.0004265482790279788, 0.00128972179656785, 0.0025983003423910435, -0.0012892432758414185, 9.474513816563378e-05, -0.008041779857796225, 0.0010771761423359208, -0.007898613235333637, -0.005758045385168334, 0.0001423061404207489, -0.009553844790951739, -0.0024944615700266738, -0.003829810506577263, -0.006762825222686119, -0.016870175379315355, -0.011511668852548613, 0.0017527022227186795, -0.06562930296340859, -0.0011491738816689979, -0.06785876358265132, -0.0029123692349085086, -0.0651341537847627, -0.041994082799011956, 0.006709907675940157, 0.002530914421786544, 0.004823518074557725, 0.007007279938321136, -0.0013077558464980798, 0.000910868381879315, -0.028228209992742913, -0.00350093452460064, -0.006573004076294842, 0.01630434506918355, -0.0010478583128417443, -2.6891152064359474e-05, -0.004809101865759576, -0.004975440320638843, 0.013494584549729582, 0.02227779583181896, 4.870792047484601e-05, -0.0022372460053540696, 0.0015869842836685895, 0.011412402754354603, -0.0013571877417568917, 0.00999191302956808, -0.000507527184510997, -0.00724783661332697, -0.002424748573552026, -0.0015805676492373771, -0.010373601662411209, -0.005838124450878122, 0.005581121942688585, 0.00557438637674063, 0.014115837757026635, 0.0005616188089302766, 0.0008358439273959416, -0.005896857722481519, 0.0029264748843344846, 0.0011485134709012736, -0.00406548578429304, -0.0077423223665214255, 0.007852655748574428, -0.0015756021093684034, -0.00868092338958263, -0.021691727807580323, 8.256990862337572e-05, 0.00018448602439827795, 0.007686092932257982, 0.003928842307364345, 0.022867630053184148, 0.03236356926124845, 0.026270203696517832, 0.017312349406773644, 0.01637867875969265, -0.0015413274478349108, 0.0026719797141632516, -0.0017487928792761088, 0.007625366500879175, 0.01999085168517748, 0.00822338904617205, 0.015673236665020608, 0.029444544092653378, 0.03907616046177776, 0.03548247316723253, 0.030202941388812406, 0.05302943807444916, 0.04692572464483099]}