{"amount_of_iterations": 50, "tokens_list": ["'CLS'", "'marcus'", "'rashford'", "'is'", "'a'", "'professional'", "'footballer'", "'for'", "'manchester'", "'united'", "'.'", "'SEP'", "'marcus'", "'rashford'", "'-'", "'lrb'", "'-'", "'born'", "'31'", "'october'", "'1997'", "'-'", "'rrb'", "'-'", "'is'", "'an'", "'english'", "'professional'", "'footballer'", "'who'", "'plays'", "'as'", "'a'", "'forward'", "'for'", "'premier'", "'league'", "'club'", "'manchester'", "'united'", "'and'", "'the'", "'england'", "'national'", "'team'", "'.'", "'a'", "'manchester'", "'united'", "'player'", "'from'", "'the'", "'age'", "'of'", "'seven'", "','", "'he'", "'scored'", "'twice'", "'in'", "'both'", "'his'", "'first'", "'-'", "'team'", "'debut'", "'-'", "'lrb'", "'-'", "'europa'", "'league'", "'-'", "'rrb'", "'-'", "'after'", "'the'", "'warm'", "'-'", "'up'", "'injury'", "'of'", "'striker'", "'anthony'", "'martial'", "'and'", "'in'", "'his'", "'first'", "'premier'", "'league'", "'game'", "'in'", "'february'", "'2016'", "'-'", "'lrb'", "'-'", "'against'", "'arsenal'", "'-'", "'rrb'", "'-'", "'.'", "'he'", "'also'", "'scored'", "'in'", "'his'", "'first'", "'manchester'", "'derby'", "'game'", "','", "'and'", "'his'", "'first'", "'league'", "'cup'", "'game'", "'.'", "'rashford'", "'scored'", "'on'", "'his'", "'england'", "'debut'", "'in'", "'may'", "'2016'", "','", "'becoming'", "'the'", "'youngest'", "'english'", "'player'", "'to'", "'score'", "'in'", "'his'", "'first'", "'senior'", "'international'", "'game'", "'.'", "'he'", "'was'", "'chosen'", "'for'", "'uefa'", "'euro'", "'2016'", "'.'", "'SEP'"], "scores_list": [0.06869816876142375, -0.024720429024589225, -0.05734618039235342, -0.17512593826231057, -0.01696324787705334, 0.2791904558318489, -0.3927936935360436, 0.2834874258491922, -0.1684174302103883, 0.4562849600583218, -0.1637605847745723, 0.12435515577918085, -0.020089148027504264, -0.014276717446773357, 0.02335514148311616, -0.01481757965099777, 0.012362457523181374, -0.08611970402764635, -0.017629561722976632, -0.015112209907202093, -0.011418916266552498, 0.005148892876995629, -0.013039278369160776, 0.013817700470585883, -0.12155847563650067, -0.04779856375344635, -0.18596002159323297, -0.04681482424037579, -0.057316508407552445, 0.0324838545959628, 0.027721754212308308, -0.05524286874318962, -0.08942580994584651, 0.02513604578285807, -0.014408502493177046, -0.0011443826286360007, 0.04148506397266983, 0.09899889629083207, 0.03958128191620711, 0.3849304165524451, 0.046837073802490505, -1.3493419156001994e-05, 0.028908804177957066, 0.055447163949091376, 0.12092278937010952, -0.0134538705166267, -0.05259600001891353, -0.011758371111322082, 0.03873308289178754, 0.06546023554397762, 0.01005221977672878, -0.007962055751697995, -0.020142449042409343, 0.0029016567400708617, 0.001143698646477129, -0.006148167335979164, 0.12378911081246084, 0.009507003287715834, -0.000226127872779385, -0.0032926384870435726, 0.018756834181107185, 0.024345467268350435, -0.018469302912959482, 0.0014901449923707087, 0.059620157558207196, 0.005869522946513969, 0.005697192510331754, -0.010016116214866026, 0.012372911129929982, 0.007553783338660965, 0.021918316264949136, 0.0021950887505336877, -0.003663526332740563, -0.003339418646311762, -0.030551693651579746, -0.009364209232597405, 0.004903337361861466, 0.13688946900936888, 0.05090952238234886, -0.0026323781695567626, 0.00046935906612182696, -0.0030120128041060457, -0.0010434807132112952, -0.001826406298512194, 0.003503610765132705, -0.004549420627799502, -0.002739443395948395, -0.010543045405917717, -0.005343592682265944, 0.008724954985952911, 0.015274269288706397, 0.017640868078011764, 0.002495100494608085, 0.0067580283460024525, 0.0048985924694242965, 0.00710202636037925, 0.010072516586699443, -0.0092063027006493, -0.002447530631271702, -0.0017379699279541892, 0.0033303935213602376, 0.003018682114039586, 0.005735935527712974, 0.023908039137613267, 0.033533709249636896, 0.02065816214844176, 0.004803384335964323, -0.00018686402962349947, -0.019910341816200827, -0.008059271933717384, -0.007729203272534752, -0.02209839848595392, -0.019510378655446293, -0.01489504861793785, -0.0096943165629317, -0.007352136697187846, -0.016083752795185043, -0.000985381739200985, 0.011599771026590489, 0.032350312202868964, 0.022319572860309504, -0.017280926650936765, -0.004508738696501676, -0.009193591289661787, 0.0017845358255332445, -0.003056518194742678, 0.0007433113886148053, 0.012240263762628902, -0.0013068427352146868, -0.014467014780070448, -0.03509588981023684, -0.026868901873835747, -0.030044758876615153, -0.023131153771575444, -0.028671411266591514, -0.033176241552863216, -0.03772694485122862, -0.03689045620910267, -0.03468292169896269, -0.02830668078158836, -0.02326559187954734, -0.012279453825431821, -0.03288740947524963, -0.05393751352001704, -0.050424074239330006, -0.04193089538201644, -0.02851298372655518, -0.04399813452741642, -0.060373164200765446, -0.07026936578140294, -0.05818706457208247, -0.041387179005625115, 0.09314996023115303]}