{"amount_of_iterations": 300, "tokens_list": ["'izombie'", "'-'", "'lrb'", "'-'", "'stylized'", "'as'", "'izombie'", "'-'", "'rrb'", "'-'", "'is'", "'an'", "'american'", "'television'", "'series'", "'developed'", "'by'", "'rob'", "'thomas'", "'and'", "'diane'", "'ruggiero'", "'-'", "'wright'", "'for'", "'the'", "'cw'", "'.'", "'it'", "'is'", "'a'", "'loose'", "'adaptation'", "'of'", "'the'", "'comic'", "'book'", "'series'", "'of'", "'the'", "'same'", "'name'", "'created'", "'by'", "'chris'", "'roberson'", "'and'", "'michael'", "'allred'", "','", "'and'", "'published'", "'by'", "'dc'", "'comics'", "'under'", "'their'", "'vertigo'", "'imprint'", "'.'", "'the'", "'series'", "'premiered'", "'on'", "'march'", "'17'", "','", "'2015'", "'.'", "'the'", "'series'", "'was'", "'renewed'", "'for'", "'a'", "'second'", "'season'", "','", "'which'", "'premiered'", "'october'", "'6'", "','", "'2015'", "','", "'and'", "'ran'", "'for'", "'19'", "'episodes'", "'.'", "'on'", "'march'", "'11'", "','", "'2016'", "','", "'the'", "'cw'", "'renewed'", "'the'", "'series'", "'for'", "'a'", "'third'", "'season'", "'of'", "'13'", "'episodes'", "','", "'which'", "'premiered'", "'on'", "'april'", "'4'", "','", "'2017'", "'.'", "'on'", "'may'", "'10'", "','", "'2017'", "','", "'the'", "'cw'", "'renewed'", "'the'", "'series'", "'for'", "'a'", "'fourth'", "'season'", "'.'"], "scores_list": [-0.09530767, -0.0015931294, 0.06863316, 0.12807943, -0.086660825, 0.04383517, -0.056089234, 0.033025544, 0.06175615, 0.12335585, -0.08464701, -0.018867396, -0.020050861, 0.004037544, -0.13316849, 0.0041430364, -0.021350794, -0.015587625, -0.054788303, 0.106616765, -0.041934036, -0.10752697, -0.22550501, 0.0074005206, 0.0344669, -0.10929041, -0.08178515, 0.022306731, -0.105009235, -0.02793806, -0.034387946, -0.08515305, -0.030534089, 0.02086959, -0.0148568805, 0.08644926, -0.0667926, 0.07683061, 0.03190088, 0.14353257, -0.00075913157, -0.055385854, -0.17519227, 0.05579547, -0.08864664, 0.07194985, -0.13132216, 0.11473925, -0.09583799, -0.08118687, -0.0056914496, -0.0069393013, 0.04038842, 0.043044273, 0.103949286, 0.012210108, 0.10770448, -0.049785655, 0.00088050443, 0.11617177, 0.036516324, 0.08105947, 0.020450996, -0.034283068, -0.048838418, -0.082713805, -0.11090107, 0.4247875, 0.013351705, 0.0509099, 0.016760277, 0.027273394, -0.15289319, -0.057187956, 0.05435791, -0.097476676, 0.14564478, 0.09105121, 0.02236841, 0.0050685583, 0.043832745, -0.08668225, 0.1344837, 0.3943759, 0.038700156, -0.027586738, 0.0003753223, 0.012461977, 0.012122536, -0.04186485, -0.054125603, 0.022817826, -0.0359008, 0.0032194243, 0.08336031, 0.10838716, 0.0052699605, 0.036554337, -0.022263803, 0.1679157, 0.08894354, -0.0020228392, -0.021265456, 0.02599655, 0.017763851, -0.00791543, -0.01011656, 0.03425971, -0.033858698, -0.094040185, 0.0010569199, -0.014406898, -0.041148733, 0.051928367, -0.020158736, 0.07079413, 0.094331324, 0.034207396, 0.030412363, -0.02955579, -0.03059107, 0.065031685, -0.015274261, -0.020352188, 0.0047179516, -0.03177695, 0.036513366, -0.014045159, -0.01511903, -0.010939534, 0.083639614, -0.07816599, 0.023207877, -0.034861304]}