{"amount_of_iterations": 300, "tokens_list": ["'legion'", "'-'", "'lrb'", "'-'", "'david'", "'charles'", "'haller'", "'-'", "'rrb'", "'-'", "'is'", "'a'", "'fictional'", "'character'", "'appearing'", "'in'", "'american'", "'comic'", "'books'", "'published'", "'by'", "'marvel'", "'comics'", "'.'", "'he'", "'is'", "'the'", "'mutant'", "'son'", "'of'", "'professor'", "'charles'", "'xavier'", "'and'", "'gabrielle'", "'haller'", "'.'", "'legion'", "'takes'", "'the'", "'role'", "'of'", "'an'", "'antihero'", "'and'", "'has'", "'a'", "'severe'", "'mental'", "'illness'", "'including'", "'a'", "'form'", "'of'", "'dissociative'", "'identity'", "'disorder'", "'in'", "'which'", "'each'", "'of'", "'his'", "'alternate'", "'personas'", "'controls'", "'one'", "'of'", "'his'", "'many'", "'superpowers'", "'.'", "'legion'", "'stars'", "'in'", "'his'", "'own'", "'tv'", "'series'", "'of'", "'the'", "'same'", "'name'", "'where'", "'he'", "'is'", "'portrayed'", "'by'", "'dan'", "'stevens'", "'.'"], "scores_list": [0.04986319, 0.026079737, -0.1507792, 0.13674799, -0.15491371, -0.0779303, -0.035148516, 0.08041874, -0.29185864, -0.044787977, 0.11670734, -0.035091657, 0.02974742, 0.08539234, -0.06504417, -0.017709406, 0.09805187, -0.09900198, 0.13334467, 0.06368024, -0.112392195, -0.029583503, -0.0064644404, -0.07077877, 0.07115462, 0.05246126, -0.02137486, -0.09253947, -0.009422231, 0.0066345385, -0.18550505, 0.12728582, 0.121003576, 0.094637714, 0.022811437, 0.0061965766, -0.052623626, 0.24512434, 0.053931434, -0.103978544, -0.05892437, 0.0827256, -0.13014352, -0.2366864, 0.050924003, -0.023520231, -0.068806134, 0.047750745, 0.21338859, 0.08188231, -0.045823377, 0.10495611, -0.023956936, 0.089945324, -0.068854615, -0.022071019, -0.12396778, -0.056382094, -0.013567761, 0.0032537659, 0.027035657, 0.14786962, 0.13139164, -0.14960982, -0.007261093, 0.132793, 0.03918089, 0.074081525, 0.1894214, -0.04286565, 0.052217077, 0.27682805, 0.07859607, 0.03059364, 0.0641902, -0.13195734, 0.02993837, -0.107132316, 0.02542741, 0.12444188, 0.0030336147, -0.07989969, 0.0677103, -0.052569747, 0.041021574, 0.15541022, 0.069967516, 0.1853047, -0.13220078, -0.08557697]}