{"amount_of_iterations": 300, "tokens_list": ["'dunkirk'", "'is'", "'an'", "'upcoming'", "'english'", "'-'", "'language'", "'war'", "'film'", "'written'", "','", "'co'", "'-'", "'produced'", "','", "'and'", "'directed'", "'by'", "'christopher'", "'nolan'", "'.'", "'set'", "'during'", "'world'", "'war'", "'ii'", "','", "'it'", "'concerns'", "'the'", "'dunkirk'", "'evacuation'", "'.'", "'the'", "'film'", "'is'", "'a'", "'co'", "'-'", "'production'", "'between'", "'the'", "'netherlands'", "','", "'the'", "'united'", "'kingdom'", "','", "'france'", "','", "'and'", "'the'", "'united'", "'states'", "'.'", "'nolan'", "'wrote'", "'the'", "'story'", "'with'", "'the'", "'intention'", "'to'", "'tell'", "'it'", "'from'", "'three'", "'perspectives'", "'-'", "'-'", "'the'", "'air'", "','", "'land'", "'and'", "'sea'", "'.'", "'efforts'", "'were'", "'made'", "'to'", "'create'", "'suspense'", "'solely'", "'through'", "'details'", "','", "'as'", "'the'", "'script'", "'contained'", "'little'", "'dialogue'", "'.'", "'filming'", "'began'", "'on'", "'23'", "'may'", "'2016'", "'in'", "'dunkirk'", "','", "'france'", "','", "'and'", "'was'", "'shot'", "'on'", "'imax'", "'65'", "'mm'", "'and'", "'65'", "'mm'", "'large'", "'format'", "'film'", "'stock'", "'by'", "'cinematographer'", "'hoyte'", "'van'", "'hoytema'", "'.'", "'dunkirk'", "'is'", "'scheduled'", "'to'", "'be'", "'released'", "'on'", "'21'", "'july'", "'2017'", "'in'", "'imax'", "'.'"], "scores_list": [0.057747573, -0.012187728, -0.02794303, -0.009341676, -0.0023634315, 0.010369594, -0.039362524, -0.13613212, -0.1328953, 0.07048166, -0.1180523, -0.04944159, 0.11214376, -0.10953819, -0.1272372, 0.06572358, 0.15286906, 0.02096639, 0.0063886894, -0.07142397, -0.049098887, 0.031958733, 0.041910145, 0.019554785, 0.029621713, 0.007845612, 0.05584036, 0.05696964, -0.100382954, -0.16283745, 0.012249705, 0.06848152, -0.045987323, 0.15093076, -0.031615064, -0.064278945, -0.03957157, 0.026207216, -0.04718747, -0.0071064685, -0.1588512, 0.11450011, 0.017490432, -0.095734656, 0.082585864, 0.017838601, 0.05761038, -0.10732446, 0.048684824, -0.017111788, 0.011915428, 0.090747304, -0.015781304, 0.16494821, -0.072573245, 0.12820746, -0.09311815, -0.040917005, -0.057982646, 0.0725317, 0.026841221, -0.0021702833, 0.03146015, -0.02273342, 0.010373429, 0.08921571, 0.057227682, 0.039654873, 0.028444383, -0.0033795596, 0.038543783, 0.10740206, -0.022524755, 0.13093409, 0.057637878, -0.09487663, -0.022712193, -0.12135706, -0.17309327, -0.031785075, -0.17082621, -0.028444871, 0.06926228, -0.06441437, 0.14356133, 0.013954886, -0.17319782, 0.038935743, 0.0062442743, 0.0022535024, 0.057649985, 0.09427212, -0.01641899, 0.043553032, 0.17433073, 0.06286068, 0.055183787, -0.13668884, 0.16642182, 0.1282603, 0.17086583, -0.014446224, 0.009550439, -0.09967819, 0.14217542, -0.0243124, -0.17212182, 0.049790014, 0.0083580185, -0.051741295, -0.03912037, -0.0592308, 0.029662842, -0.025052035, 0.010295058, 0.1105741, 0.06256863, 0.057155028, -0.01661951, -0.036654294, 0.021881698, 0.057792656, 0.20362632, 0.13147306, 0.054223176, 0.120814286, -0.0092730895, -0.011910378, 0.07365944, 0.065527685, 0.11995449, -0.010800817, -0.16694497, -0.11751431, 0.07086896, 0.06100298, 0.10329092, 0.050450593]}