{"amount_of_iterations": 300, "tokens_list": ["'david'", "'tennant'", "'-'", "'lrb'", "'-'", "'born'", "'david'", "'john'", "'mcdonald'", "';'", "'18'", "'april'", "'1971'", "'-'", "'rrb'", "'-'", "'is'", "'a'", "'scottish'", "'actor'", "'and'", "'voice'", "'actor'", "'.'", "'he'", "'is'", "'best'", "'known'", "'for'", "'his'", "'roles'", "'as'", "'the'", "'tenth'", "'doctor'", "'in'", "'the'", "'british'", "'television'", "'series'", "'doctor'", "'who'", "','", "'alec'", "'hardy'", "'in'", "'broadchurch'", "','", "'giacomo'", "'casanova'", "'in'", "'the'", "'tv'", "'serial'", "'casanova'", "','", "'kilgrave'", "'in'", "'jessica'", "'jones'", "','", "'and'", "'barty'", "'crouch'", "','", "'jr'", "'.'", "'in'", "'the'", "'film'", "'harry'", "'potter'", "'and'", "'the'", "'goblet'", "'of'", "'fire'", "'.'", "'in'", "'addition'", "'to'", "'his'", "'appearances'", "'on'", "'screen'", "','", "'he'", "'has'", "'worked'", "'as'", "'a'", "'voice'", "'actor'", "'and'", "'in'", "'theatre'", "','", "'including'", "'a'", "'critically'", "'acclaimed'", "'stage'", "'production'", "'of'", "'hamlet'", "'.'", "'in'", "'january'", "'2015'", "','", "'tennant'", "'received'", "'the'", "'national'", "'television'", "'award'", "'for'", "'special'", "'recognition'", "'.'"], "scores_list": [-0.0029177146, 0.036360655, 0.04553418, 0.10222137, -0.06510034, -0.055738557, -0.02203345, -0.10355083, 0.08323349, 0.045112662, 0.019969981, -0.044910185, -0.030976076, -0.061863206, 0.028998926, 0.05254061, 0.021039264, -0.06739246, -0.055046078, -0.016229961, 0.042532653, 0.019369049, 0.0035717695, 0.035189446, 0.020739056, 0.017039161, 0.0104645295, 0.012556474, -0.06873809, -0.05843826, 0.059626326, 0.059593182, -0.0023785874, 0.8002578, 0.12384969, -0.026220474, 0.036785387, 0.067320116, 0.03193088, -0.058480307, 0.10208581, -0.11390165, 0.20485939, 0.11122865, -0.019599076, -0.04083297, 0.040933225, 0.040196408, 0.031103846, 0.10703673, -0.03573001, -0.024631191, -0.046135407, -0.038485643, -0.0532014, -0.051033918, -0.050293736, 0.022928007, -0.028984226, 0.042638235, -0.027491638, -0.0337037, -0.06256193, 0.04134343, -0.0035999247, 0.0065809987, -0.06074933, -0.05843429, 0.0077569233, 0.12689607, -0.04602001, -0.02921597, -0.022178665, 0.04606131, 0.09770433, -0.02876052, 0.036221094, 0.022305379, -0.08268579, -0.010389098, 0.008877596, -0.002268635, 0.025759628, -0.0024879186, 0.072954506, -0.021298092, 0.028675321, -0.10644803, 0.087133884, -0.056853037, -0.019215137, 0.06193832, 0.04155766, -0.013165158, 0.01237245, 0.004184399, -0.02055853, -0.0661053, 0.006731667, -0.08001079, -0.0031291533, -0.010674912, 0.03207474, -0.055356674, 0.0432827, 0.019249473, 0.03710072, 0.0101131825, 0.010370356, 0.017089767, 0.0441652, 0.017998215, 0.008758083, -0.050727084, 0.024163768, -0.032436445, -0.05011784, -0.00916002, 0.06708417, -0.021903576]}