{"amount_of_iterations": 300, "tokens_list": ["'lauren'", "'zoe'", "'`'", "'`'", "'laurie'", "\"'\"", "\"'\"", "'hernandez'", "'-'", "'lrb'", "'-'", "'born'", "'june'", "'9'", "','", "'2000'", "'-'", "'rrb'", "'-'", "'is'", "'an'", "'american'", "'artistic'", "'gymnast'", "'.'", "'she'", "'competed'", "'as'", "'a'", "'member'", "'of'", "'the'", "'u'", "'.'", "'s'", "'.'", "'women'", "\"'\"", "'s'", "'gymnastics'", "'team'", "'at'", "'the'", "'2016'", "'summer'", "'olympics'", "','", "'winning'", "'gold'", "'in'", "'the'", "'team'", "'event'", "'and'", "'silver'", "'on'", "'the'", "'balance'", "'beam'", "'.'", "'in'", "'2016'", "','", "'hernandez'", "'won'", "'season'", "'23'", "'of'", "'dancing'", "'with'", "'the'", "'stars'", "'with'", "'partner'", "'val'", "'chmerkovskiy'", "'.'"], "scores_list": [-0.17773603, -0.25640154, -0.20008233, 0.17390594, 0.077992976, 0.17590019, 0.010770702, 0.08780437, -0.084533155, 0.05955483, 0.08695728, -0.090327404, -0.028343463, 0.012207508, 0.13543637, -0.23111945, -4.3899174e-05, 0.10323816, -0.16949297, 0.07973277, -0.031380497, -0.1382753, -0.17521845, 0.045500554, 0.055809636, 0.14402546, -0.04715863, 0.028603425, 0.0007156582, 0.36571518, -0.13055044, 0.06948086, 0.022809919, 0.091926105, -0.032268863, 0.046699125, 0.03724736, -0.09366392, 0.0940815, 0.07363452, 0.119957775, -0.03333103, -0.029665327, 0.13184552, -0.08961037, 0.045934916, 0.04902825, 0.16816865, 0.006275975, -0.13920745, 0.07024461, 0.009200318, -0.05768519, -0.031954054, -0.18413053, 0.11599293, -0.060914993, -0.15185232, 0.032356355, -0.048107244, -0.14856091, 0.06754392, 0.012879965, 0.11669267, 0.15896332, -0.052654475, -0.04194545, 0.059633993, 0.094930924, 0.1321741, 0.025891613, -0.117096335, 0.0688288, 0.06059639, 0.08700502, -0.18397915, 0.014227038]}