{"amount_of_iterations": 300, "tokens_list": ["'taylor'", "'schilling'", "'-'", "'lrb'", "'-'", "'born'", "'july'", "'27'", "','", "'1984'", "'-'", "'rrb'", "'-'", "'is'", "'an'", "'american'", "'actress'", "'.'", "'she'", "'is'", "'known'", "'for'", "'her'", "'role'", "'as'", "'piper'", "'chapman'", "'on'", "'the'", "'netflix'", "'original'", "'comedy'", "'-'", "'drama'", "'series'", "'orange'", "'is'", "'the'", "'new'", "'black'", "'-'", "'lrb'", "'-'", "'2013'", "'-'", "'-'", "'present'", "'-'", "'rrb'", "'-'", "','", "'for'", "'which'", "'she'", "'received'", "'a'", "'nomination'", "'for'", "'the'", "'primetime'", "'emmy'", "'award'", "'for'", "'outstanding'", "'lead'", "'actress'", "'in'", "'a'", "'comedy'", "'series'", "'and'", "'two'", "'golden'", "'globe'", "'award'", "'nominations'", "'for'", "'best'", "'actress'", "'-'", "'-'", "'television'", "'series'", "'musical'", "'or'", "'comedy'", "'and'", "'best'", "'actress'", "'-'", "'-'", "'television'", "'series'", "'drama'", "'.'", "'she'", "'made'", "'her'", "'film'", "'debut'", "'in'", "'the'", "'2007'", "'drama'", "'dark'", "'matter'", "'.'", "'schilling'", "'also'", "'starred'", "'in'", "'the'", "'short'", "'-'", "'lived'", "'nbc'", "'medical'", "'drama'", "'mercy'", "'-'", "'lrb'", "'-'", "'2009'", "'-'", "'-'", "'10'", "'-'", "'rrb'", "'-'", "'.'", "'her'", "'other'", "'films'", "'include'", "'atlas'", "'shrugged'", "':'", "'part'", "'i'", "'-'", "'lrb'", "'-'", "'2011'", "'-'", "'rrb'", "'-'", "','", "'the'", "'romantic'", "'drama'", "'the'", "'lucky'", "'one'", "'-'", "'lrb'", "'-'", "'2012'", "'-'", "'rrb'", "'-'", "'and'", "'the'", "'comedy'", "'the'", "'overnight'", "'-'", "'lrb'", "'-'", "'2015'", "'-'", "'rrb'", "'-'", "'.'"], "scores_list": [-0.0046926364, 0.12715603, -0.045596737, 0.12955172, 0.041218176, 0.17822011, -0.02495162, -0.005954895, -0.06341572, -0.084767774, 0.00014254173, 0.080630325, -0.043772824, 0.012216527, -0.07751152, -0.025467906, 0.02493454, -0.04038889, 0.11326332, 0.046573166, 0.04884183, 0.0008121315, -0.01700738, -0.006132459, -0.08715079, -0.019734481, -0.023165025, -0.06730405, -0.02681824, 0.054990932, 0.009947322, -0.108190686, -0.01739852, 0.09221799, -0.034573246, -0.0050038076, -0.06521915, -0.025766237, -0.043472107, -0.037917633, -0.0055906675, 0.059238736, -0.0087930765, 0.063289374, 0.0775295, 0.04211542, 0.032967977, 0.0013657298, 0.038447034, -0.054381337, 0.014409578, 0.038098395, -0.05476722, 0.08242934, -0.100418925, -0.0054991827, 0.073017314, 0.2195599, 0.047404204, -0.011805029, -0.0020999499, 0.0030900969, -0.09303847, -0.041400943, 0.03498417, 0.001149378, 0.025286164, -0.00700907, 0.057615653, -0.014821199, -0.050687894, 0.005598634, 0.07454932, 0.034938067, 0.12636888, 0.08761531, 0.06425052, 0.06628855, 0.040943056, 0.04501754, -0.04448103, 0.028271912, 0.0073538455, -0.014526309, -0.045500357, -0.008368245, -0.13823465, 0.16070135, -0.038361035, 0.10760018, -0.037916742, -0.004069903, -0.028845757, 0.050749328, -0.07254894, 0.075319916, -0.03926401, 0.021939803, -0.032062914, 0.06444993, 0.011638551, -0.032469377, 0.0667105, 0.042527728, -0.08051039, 0.085255906, -0.061765857, -0.11030966, 0.1100263, -0.06814783, 0.032399043, 0.10093357, -0.014231579, -0.07489517, 0.05689476, -0.01155182, -0.038540434, 0.090141356, 0.16370358, -0.013240167, -0.08684834, 0.22339424, 0.04023417, -0.13095446, -0.17009129, -0.016159978, -0.14510158, 0.2211199, 0.1610819, -0.018538462, -0.012265249, -0.05296921, 0.039618544, -0.026694497, 0.07217043, 0.006277466, -0.038864173, -0.050100025, -0.12714432, -0.05853204, 0.084368564, 0.0793006, -0.017620597, -0.050046403, 0.07206107, -0.01171454, 0.048778437, -0.12694393, 0.043421395, -0.015071036, -0.07184453, 0.008561982, 0.06991342, -0.056317095, -0.15800883, -0.13107146, -0.035813402, -0.02418453, -0.08634191, -0.06278893, 0.120493345, -0.012952666, -0.027289875, -0.078746244, 0.0530522, 0.040226154, 0.035643246, -0.04340497, 0.09072532, -0.084809855, 0.12996407, -0.13539818, -0.067202285]}