{"amount_of_iterations": 300, "tokens_list": ["'morena'", "'silva'", "'de'", "'vaz'", "'setta'", "'baccarin'", "'-'", "'lrb'", "'-'", "'-'", "'lsb'", "'-'", "'mo\u02c8\u027een\u0250'", "'\u02c8baka\u027ei'", "'-'", "'rsb'", "'-'", "';'", "'born'", "'june'", "'2'", "','", "'1979'", "'-'", "'rrb'", "'-'", "'is'", "'a'", "'brazilian'", "'american'", "'actress'", "'.'", "'she'", "'is'", "'known'", "'for'", "'portraying'", "'inara'", "'serra'", "'in'", "'the'", "'series'", "'firefly'", "'and'", "'the'", "'follow'", "'-'", "'up'", "'film'", "'serenity'", "','", "'adria'", "'in'", "'the'", "'series'", "'stargate'", "'sg'", "'-'", "'1'", "'and'", "'the'", "'follow'", "'-'", "'up'", "'film'", "'stargate'", "':'", "'the'", "'ark'", "'of'", "'truth'", "','", "'anna'", "'in'", "'the'", "'2009'", "'version'", "'of'", "'the'", "'series'", "'v'", "','", "'vanessa'", "'in'", "'the'", "'superhero'", "'comedy'", "'film'", "'deadpool'", "','", "'and'", "'jessica'", "'brody'", "'in'", "'the'", "'showtime'", "'series'", "'homeland'", "'-'", "'lrb'", "'-'", "'for'", "'which'", "'she'", "'received'", "'an'", "'emmy'", "'nomination'", "'for'", "'outstanding'", "'supporting'", "'actress'", "'in'", "'a'", "'drama'", "'series'", "'in'", "'2013'", "'-'", "'rrb'", "'-'", "'.'", "'she'", "'plays'", "'the'", "'role'", "'of'", "'dr'", "'.'", "'leslie'", "'thompkins'", "'in'", "'the'", "'fox'", "'television'", "'series'", "'gotham'", "'.'"], "scores_list": [-0.034541566, -0.15776749, -0.050049357, -0.05881347, 0.03419837, 0.15167429, 0.0009035242, -0.13441923, -0.018007733, -0.1044044, -0.08144082, -0.04151603, -0.12602682, -0.16338739, -0.16670936, 0.02543639, 0.055706, -0.028355816, 0.07496485, -0.1390101, 0.153267, 0.08263434, 0.03348539, -0.11647774, 0.095618166, -0.116667084, 0.028166227, 0.0011063975, 0.019373974, -0.03844029, 0.055844225, 0.03729267, -0.007344263, 0.017797085, 0.002332726, -0.032632336, 0.06165171, 0.12583905, 0.08172711, -0.09131816, -0.007141892, 0.0061818594, 0.1208941, 0.14990626, 0.013429163, 0.053342037, -0.042922188, 0.074396335, -0.06045457, 0.05028682, -0.008352412, -0.15427324, 0.028871074, 0.018664375, -0.09502709, 0.09042964, 0.056335997, 0.18940386, -0.001748155, 0.09155952, -0.112212434, -0.0065757325, 0.059622496, -0.15580945, -0.0804585, -0.16288939, 0.068294756, 0.0095640505, 0.04482424, -0.11489876, 0.00018633365, 0.26770645, -0.041670468, -0.10300634, 0.07164779, 0.042974796, -0.011374346, -0.12169562, -0.055854246, -0.0032724529, -0.13513878, 0.06055313, 0.08533751, 0.06869091, 0.08955974, 0.060893286, 0.0014760867, 0.12259615, -0.016873008, -0.115148954, 0.08307908, 0.012887281, 0.04540519, -0.00442633, -0.011073843, 0.00047193986, -0.10775145, 0.002436446, -0.041991025, -0.1082546, -0.022791872, 0.042937085, 0.036574136, 0.030724384, -0.103766, -0.07204317, -0.005215626, 0.05916643, 0.015041365, 0.045826774, -0.025345791, 0.042247795, -0.0006530096, -0.030828921, -0.019380525, 0.11888036, -0.12779851, -0.06407278, 0.054255705, 0.0044519794, 0.042332675, 0.057203557, 0.09628705, -0.014935263, 0.026257504, -0.014743827, -0.011374078, 0.059996713, -0.072887816, -0.00772357, 0.07798443, -0.035505086, 0.06051701, -0.0050626686, -0.0671754, -0.09716063, 0.07224799, 0.16804437]}