{"amount_of_iterations": 300, "tokens_list": ["'hadera'", "'is'", "'a'", "'city'", "'located'", "'in'", "'the'", "'haifa'", "'district'", "'of'", "'israel'", "','", "'in'", "'the'", "'northern'", "'sharon'", "'region'", "','", "'approximately'", "'45'", "'kilometers'", "'-'", "'lrb'", "'-'", "'28'", "'miles'", "'-'", "'rrb'", "'-'", "'from'", "'the'", "'major'", "'cities'", "'of'", "'tel'", "'aviv'", "'and'", "'haifa'", "'.'", "'the'", "'city'", "'is'", "'located'", "'along'", "'7'", "'km'", "'-'", "'lrb'", "'-'", "'5'", "'mi'", "'-'", "'rrb'", "'-'", "'of'", "'the'", "'israeli'", "'mediterranean'", "'coastal'", "'plain'", "'.'", "'the'", "'city'", "'has'", "'a'", "'population'", "'of'", "'about'", "'91'", "','", "'634'", "','", "'which'", "'includes'", "'a'", "'high'", "'proportion'", "'of'", "'immigrants'", "'arriving'", "'since'", "'1990'", "','", "'notably'", "'from'", "'ethiopia'", "'and'", "'the'", "'former'", "'soviet'", "'union'", "'.'", "'in'", "'it'", "'had'", "'a'", "'population'", "'of'", "'.'", "'hadera'", "'was'", "'established'", "'in'", "'1891'", "'as'", "'a'", "'farming'", "'colony'", "'by'", "'members'", "'of'", "'the'", "'zionist'", "'group'", "','", "'hovevei'", "'zion'", "','", "'from'", "'lithuania'", "'and'", "'latvia'", "'.'", "'by'", "'1948'", "','", "'it'", "'was'", "'a'", "'regional'", "'center'", "'with'", "'a'", "'population'", "'of'", "'11'", "','", "'800'", "'.'", "'in'", "'1952'", "','", "'hadera'", "'was'", "'declared'", "'a'", "'city'", "','", "'with'", "'jurisdiction'", "'over'", "'an'", "'area'", "'of'", "'53'", "','", "'000'", "'dunams'", "'.'"], "scores_list": [-0.22606659, -0.22233558, -0.13264503, 0.05666218, 0.0031162011, -0.08435443, 0.067328975, -0.03797243, -0.04286733, -0.123384126, 0.11425971, 0.011794352, 0.11223057, -0.1062403, 0.112996, 0.03310493, 0.071139775, -0.052363656, 0.0175013, 0.04648669, -0.028874127, 0.02051875, -0.07964483, -0.08864321, 0.048685547, -0.01137152, -0.076545656, 0.12881842, 0.025913198, -0.128843, 0.06199016, -0.030501552, 0.020900154, 0.026619831, 0.026726596, 0.086635366, 0.027774686, 0.005420767, 0.00059041544, 0.03233796, -0.08849765, 0.08673475, 0.020952053, -0.08484231, 0.108654626, 0.15087631, -0.08132229, -0.118118696, 0.051058948, -0.2027412, 0.016142245, -0.030490573, 0.040777702, 0.1758869, 0.11722831, 0.016128978, -0.07702047, -0.01475563, 0.04167821, -0.019644698, 0.043734368, 0.005690375, -0.03630014, -0.04944122, -0.008061363, -0.20241827, 0.063677326, 0.017923923, -0.0024170205, 0.0007207674, 0.05946645, 0.06474419, -0.062222917, -0.14834134, 0.07099107, 0.049850553, 0.09135416, 0.009289602, 0.00702681, 0.08568635, -0.027844273, -0.06226047, -0.03283488, 0.07005597, 0.058589503, -0.06525244, -0.017444665, 0.07162889, -0.012887276, -0.11581345, -0.032387823, -0.055932336, -0.0071984353, -0.034440823, 0.04638214, 0.039702833, 0.06868794, 0.03787559, 0.17113052, -0.09806203, 0.06500235, -0.055506185, 0.0067508505, 0.05386105, -0.023555035, 0.03267621, 0.044714704, 0.04013609, -0.14887904, 0.010023031, 0.065423846, 0.0012964385, 0.13995215, 0.067782246, -0.0837913, -0.14222184, 0.04052701, -0.002976775, 0.09967085, -0.08762851, -0.051310003, 0.008860828, 0.020226277, 0.096520245, -0.058508344, 0.047663104, -0.033848956, -0.012783397, 0.0009941203, 0.25293586, 0.044609938, 0.07563406, 0.043277547, 0.023546822, -0.025845755, 0.028767928, -0.018635642, -0.053020142, -0.023699986, 0.00755781, -0.11749047, -0.15713847, 0.062157758, -0.0067221164, 0.0616372, 0.08795359, 0.024741895, 0.08661779, 0.011524003, -0.04761305, 0.055352744, -0.034890223, -0.08328301, 0.030280786, 0.0004593913, -0.023419147, 0.05671553, -0.047544245, -0.07241458]}