{"amount_of_iterations": 300, "tokens_list": ["'ryder'", "'system'", "','", "'inc'", "'.'", "','", "'or'", "'ryder'", "','", "'is'", "'an'", "'american'", "'-'", "'based'", "'provider'", "'of'", "'transportation'", "'and'", "'supply'", "'chain'", "'management'", "'products'", "','", "'and'", "'is'", "'especially'", "'known'", "'for'", "'its'", "'fleet'", "'of'", "'rental'", "'trucks'", "'.'", "'ryder'", "'specializes'", "'in'", "'fleet'", "'management'", "','", "'supply'", "'chain'", "'management'", "'and'", "'dedicated'", "'contracted'", "'carriage'", "'.'", "'ryder'", "'operates'", "'in'", "'north'", "'america'", "','", "'the'", "'united'", "'kingdom'", "'and'", "'asia'", "'.'", "'it'", "'has'", "'its'", "'headquarters'", "'in'", "'suburban'", "'miami'", "','", "'florida'", "'within'", "'miami'", "'-'", "'dade'", "'county'", "'.'"], "scores_list": [0.1253332, -0.17086083, -0.0008305204, 0.27408403, -0.14058864, -0.07020609, -0.22430114, 0.00031980936, 0.12043546, 0.051015314, -0.16185462, -0.029113797, 0.04439307, -0.014236956, 0.3088243, 0.06768493, 0.35721973, -0.0026055009, 0.19453314, 0.16130184, 0.0020973466, 0.20110033, 0.03131263, 0.14268196, 0.16680995, 0.07892606, -0.063564524, 0.13587728, -0.0033802637, 0.09647361, 0.033126965, -0.023737807, 0.048291184, -0.1408582, -0.20541039, -0.0023178163, 0.0070453263, -0.0037632063, 0.022399379, 0.010241297, 0.039779607, 0.073371746, 0.051793683, 0.036886122, 0.050883546, -0.035211872, 0.07717323, 0.020404594, 0.050023437, 0.15985587, -0.075053714, -0.030432492, -0.18720588, 0.026389414, -0.030769825, 0.109895684, -0.15917361, 0.028316112, 0.06889318, -0.044636134, 0.052307315, -0.10644464, 0.10631836, 0.11537807, -0.0051087807, -0.10771813, -0.0787188, -0.032125458, 0.07175215, -0.22624254, -0.033586796, 0.037841585, -0.039797474, -0.06442179, -0.11496249]}