{"amount_of_iterations": 300, "tokens_list": ["'david'", "'tennant'", "'-'", "'lrb'", "'-'", "'born'", "'david'", "'john'", "'mcdonald'", "';'", "'18'", "'april'", "'1971'", "'-'", "'rrb'", "'-'", "'is'", "'a'", "'scottish'", "'actor'", "'and'", "'voice'", "'actor'", "'.'", "'he'", "'is'", "'best'", "'known'", "'for'", "'his'", "'roles'", "'as'", "'the'", "'tenth'", "'doctor'", "'in'", "'the'", "'british'", "'television'", "'series'", "'doctor'", "'who'", "','", "'alec'", "'hardy'", "'in'", "'broadchurch'", "','", "'giacomo'", "'casanova'", "'in'", "'the'", "'tv'", "'serial'", "'casanova'", "','", "'kilgrave'", "'in'", "'jessica'", "'jones'", "','", "'and'", "'barty'", "'crouch'", "','", "'jr'", "'.'", "'in'", "'the'", "'film'", "'harry'", "'potter'", "'and'", "'the'", "'goblet'", "'of'", "'fire'", "'.'", "'in'", "'addition'", "'to'", "'his'", "'appearances'", "'on'", "'screen'", "','", "'he'", "'has'", "'worked'", "'as'", "'a'", "'voice'", "'actor'", "'and'", "'in'", "'theatre'", "','", "'including'", "'a'", "'critically'", "'acclaimed'", "'stage'", "'production'", "'of'", "'hamlet'", "'.'", "'in'", "'january'", "'2015'", "','", "'tennant'", "'received'", "'the'", "'national'", "'television'", "'award'", "'for'", "'special'", "'recognition'", "'.'"], "scores_list": [-0.046445843, -0.08389358, 0.015985195, 0.09082845, 0.095683634, -0.102411516, 0.05804358, 0.053777006, -0.20988858, -0.022220124, -0.016999073, -0.04756766, 0.114718646, 0.07925738, -0.018539034, -0.024757022, 0.0057306327, -0.024537815, -0.0629363, 0.010470048, 0.00117184, -0.036137458, 0.14991875, -0.04979897, -0.017480623, -0.027850073, 0.07543341, -0.11875882, 0.1629381, 0.072240934, -0.16214006, 0.018216096, 0.054047424, -0.32528174, -0.06933693, 0.19712707, 0.016338509, -0.109382145, 0.014332617, 0.3088097, -0.076340504, -0.22686894, 0.03558067, -0.0977528, 0.08741159, 0.03240386, 0.055007093, 0.02517292, -0.03303894, -0.097184904, 0.08571381, -0.027791843, 0.010881397, -0.051929086, 0.099970855, -0.02664366, -0.062973075, -0.1556414, 0.07751573, 0.04482728, -0.003382811, -0.016555194, -0.26437983, -0.022546466, 0.14993268, -0.0024636793, 0.00738146, -0.049931996, 0.030173112, 0.021428835, -0.009742246, 0.027377319, 0.030172912, 0.03929691, 0.12962574, 0.07398523, -0.115676604, 0.048591718, 0.0054182056, 0.012011119, 0.0131357545, -0.0842974, 0.05585312, -0.071205065, -0.07123055, 0.11447302, 0.0037059998, -0.04817867, 0.009786219, 0.043219436, 0.06938425, 0.14219514, 0.01915306, -0.11213691, -0.014687023, 0.062921114, -0.06612684, -0.082925394, 0.08178989, -0.06337995, -0.06825916, -0.01224015, 0.12458511, -0.039811976, -0.076593414, 0.06436265, 0.08895558, -0.120612, 0.08511799, 0.013275793, -0.09856932, 0.12189022, 0.06087726, -0.02305396, -0.092401944, -0.056077655, 0.028142711, 0.083031, 0.011175836, -0.03160566]}