{"amount_of_iterations": 300, "tokens_list": ["'jack'", "'dorsey'", "'-'", "'lrb'", "'-'", "'born'", "'november'", "'19'", "','", "'1976'", "'-'", "'rrb'", "'-'", "'is'", "'an'", "'american'", "'computer'", "'programmer'", "'and'", "'internet'", "'entrepreneur'", "'widely'", "'known'", "'as'", "'a'", "'co'", "'-'", "'founder'", "'and'", "'ceo'", "'of'", "'twitter'", "','", "'and'", "'as'", "'the'", "'founder'", "'and'", "'ceo'", "'of'", "'square'", "','", "'a'", "'mobile'", "'payments'", "'company'", "'.'", "'in'", "'2008'", "','", "'he'", "'was'", "'named'", "'to'", "'the'", "'mit'", "'technology'", "'review'", "'tr35'", "'as'", "'one'", "'of'", "'the'", "'top'", "'35'", "'innovators'", "'in'", "'the'", "'world'", "'under'", "'the'", "'age'", "'of'", "'35'", "'.'", "'for'", "'2012'", "','", "'the'", "'wall'", "'street'", "'journal'", "'gave'", "'him'", "'the'", "'`'", "'`'", "'innovator'", "'of'", "'the'", "'year'", "'award'", "\"'\"", "\"'\"", "'for'", "'technology'", "'.'"], "scores_list": [-0.04685442, -0.06844973, -0.010507418, 0.041292094, 0.08977654, -0.15208997, -0.16878335, -0.10483512, 0.043445442, -0.13418467, -0.084470965, 0.011729278, -0.008355555, -0.11549474, -0.050495896, 0.77768135, -0.02620941, -0.07490925, 0.030234303, -0.103085384, 0.04191017, -0.07374981, -0.0029813063, 0.028450621, 0.0038487236, 0.07435348, -0.008547923, 0.030509433, -0.014884536, 0.108943835, 0.006289015, -0.018388927, 0.019820018, 0.09296287, 0.11601266, 0.04883718, 0.027291805, -0.06856039, -0.05831767, -0.015954295, 0.028111544, -0.039282013, 0.01932596, -0.00848514, -0.036731202, 0.009719441, -0.04328109, -0.07825162, -0.03742624, 0.05281578, 0.018696258, -0.00095828506, -0.05476477, -0.037442166, 0.03378403, 0.11897803, -0.005798498, 0.0354388, -0.041442998, 0.0096179135, -0.0743521, 0.049006842, -0.058268033, 0.0907391, 0.015408049, -0.11438607, -0.018554976, 0.012979554, 0.11069352, 0.06450658, -0.037047595, 0.09396378, 0.02490746, -0.04517107, -0.006867557, -0.0042759357, 0.08343667, -0.026398528, -0.06650033, 0.06499419, -0.046999868, 0.09273964, -0.029860174, -0.11041454, 0.031775087, 0.05202749, -0.0072103394, -0.037219305, -0.029816018, 0.031523723, -0.047755376, 0.010908095, 0.080444366, -0.057126973, 0.047816403, 0.05396363, -0.054885875]}