{"amount_of_iterations": 300, "tokens_list": ["'julianne'", "'alexandra'", "'hough'", "'-'", "'lrb'", "'-'", "'-'", "'lsb'", "'-'", "'h\u028cf'", "'-'", "'rsb'", "'-'", "'born'", "'july'", "'20'", "','", "'1988'", "'-'", "'rrb'", "'-'", "'is'", "'an'", "'american'", "'dancer'", "','", "'singer'", "','", "'and'", "'actress'", "'.'", "'she'", "'is'", "'a'", "'two'", "'-'", "'time'", "'professional'", "'champion'", "'of'", "'abc'", "\"'\"", "'s'", "'dancing'", "'with'", "'the'", "'stars'", "'.'", "'she'", "'was'", "'nominated'", "'for'", "'a'", "'creative'", "'arts'", "'primetime'", "'emmy'", "'in'", "'2007'", "'for'", "'outstanding'", "'choreography'", "'in'", "'season'", "'five'", "'of'", "'the'", "'show'", "'.'", "'her'", "'first'", "'leading'", "'acting'", "'role'", "'was'", "'in'", "'the'", "'2011'", "'film'", "'remake'", "'of'", "'footloose'", "'.'", "'in'", "'september'", "'2014'", "','", "'hough'", "'joined'", "'dancing'", "'with'", "'the'", "'stars'", "'as'", "'a'", "'permanent'", "'fourth'", "'judge'", "'.'", "'along'", "'with'", "'her'", "'brother'", "'derek'", "'hough'", "'-'", "'lrb'", "'-'", "'who'", "'is'", "'a'", "'six'", "'-'", "'time'", "'winner'", "'of'", "'the'", "'dancing'", "'show'", "'-'", "'rrb'", "'-'", "'and'", "'tessandra'", "'chavez'", "','", "'she'", "'won'", "'the'", "'primetime'", "'emmy'", "'award'", "'for'", "'outstanding'", "'choreography'", "'in'", "'2015'", "'.'", "'in'", "'2016'", "','", "'she'", "'played'", "'sandy'", "'in'", "'the'", "'live'", "'fox'", "'television'", "'production'", "'of'", "'grease'", "'.'"], "scores_list": [-0.06951738, -0.19127183, 0.12363602, 0.01290563, 0.067981705, -0.032396663, 0.0073102633, 0.07006696, 0.08414626, -0.10876697, 0.016287625, -0.018643558, 0.08404752, 0.004637651, 0.0047045187, -0.050937448, 0.02586771, 0.02320728, 0.08188348, 0.033407845, 0.057498068, 0.10881445, -0.025375346, 0.03222231, 0.00089817867, 0.10085421, 0.07403644, 0.14733161, -0.05870871, -0.04660795, 0.015844913, 0.09419399, -0.0038736758, 0.08686694, -0.031342164, -0.042691864, -0.14443481, 0.07438778, 0.07617522, 0.037644163, -0.00038613318, 0.08543419, 0.07886897, 0.23655535, -0.16274576, 0.06679052, 0.032784015, 0.049566854, -0.013224199, -0.11456207, -0.057485353, 0.06813088, -0.0794484, 0.04357402, -0.0944007, 0.0541327, 0.07114962, -0.02496571, -0.11824274, 0.09653298, 0.08990031, 0.071852125, 0.08113762, 0.15850307, 0.03371333, 0.06296519, 0.10196083, -0.04885147, -0.028125552, 0.014589162, -0.121660255, -0.06746556, -0.07005932, -0.13896944, -0.044679742, 0.049865622, -0.010496781, -0.01297816, -0.021882186, -0.005778913, -0.03298744, -0.16838272, 0.08545426, 0.011129185, -0.05755539, -0.002874615, -0.063885845, -0.03135145, -0.036651198, 0.13597761, 0.055548135, 0.09520791, -0.0047696675, -0.050859153, -0.007150698, -0.028560884, -0.11483089, 0.029717838, -0.05651173, -0.09200954, -0.057755165, -0.0024646649, 0.08098621, -0.058870032, 0.13104995, -0.068618774, -0.10286681, 0.031447656, -0.07207133, 0.11270907, 0.20741288, -0.033265427, 0.0147687085, 0.038302474, -0.06617213, 0.097546645, 0.011603736, 0.08554491, -0.15116791, -0.08710545, -0.06581976, -0.034734275, 0.18279308, 0.05226725, -0.08590963, 0.019087685, -0.028943403, 0.030624613, -0.023160933, -0.049461853, -0.08181381, -0.021168008, 0.061463553, 0.057003282, 0.00038671063, -0.03943639, -0.10013578, 0.023373011, 0.03162223, 0.006572505, -0.046361707, 0.017928354, -0.08651969, -0.107790865, 0.0893076, 0.08896925, -0.0546619, -0.13738918, -0.02611157, -0.11883814, -0.1316077, -0.089283735, 0.018988974]}