{"amount_of_iterations": 300, "tokens_list": ["'jack'", "'dorsey'", "'-'", "'lrb'", "'-'", "'born'", "'november'", "'19'", "','", "'1976'", "'-'", "'rrb'", "'-'", "'is'", "'an'", "'american'", "'computer'", "'programmer'", "'and'", "'internet'", "'entrepreneur'", "'widely'", "'known'", "'as'", "'a'", "'co'", "'-'", "'founder'", "'and'", "'ceo'", "'of'", "'twitter'", "','", "'and'", "'as'", "'the'", "'founder'", "'and'", "'ceo'", "'of'", "'square'", "','", "'a'", "'mobile'", "'payments'", "'company'", "'.'", "'in'", "'2008'", "','", "'he'", "'was'", "'named'", "'to'", "'the'", "'mit'", "'technology'", "'review'", "'tr35'", "'as'", "'one'", "'of'", "'the'", "'top'", "'35'", "'innovators'", "'in'", "'the'", "'world'", "'under'", "'the'", "'age'", "'of'", "'35'", "'.'", "'for'", "'2012'", "','", "'the'", "'wall'", "'street'", "'journal'", "'gave'", "'him'", "'the'", "'`'", "'`'", "'innovator'", "'of'", "'the'", "'year'", "'award'", "\"'\"", "\"'\"", "'for'", "'technology'", "'.'"], "scores_list": [0.14925322, 0.23299064, 0.031963713, 0.14731333, -0.051273655, 0.11635431, 0.13228042, 0.28456637, -0.08140685, 0.38110024, 0.18127164, -0.042829454, 0.055683482, 0.17366889, -0.11021578, -0.110656664, 0.073372856, 0.09671456, 0.0002534664, 0.14019682, -0.036707498, 0.021691205, 0.06483256, -0.036126934, -0.013734271, 0.023279693, 0.10053771, -0.05325662, 0.05669034, -0.016782133, 0.034290504, -0.05743622, -0.06480065, -0.11826917, -0.011239762, -0.15852149, -0.003209088, 0.046787374, 0.066488594, 0.0045328485, -0.068090454, 0.106775954, 0.0064775897, -0.12386421, 0.014228717, 0.016494932, 0.057980586, 0.036455348, 0.08549508, -0.1294431, -0.055160683, 0.04100401, 0.058646973, -0.037356857, -0.07625066, -0.12127685, 0.024331357, 0.019063981, -0.020951886, -0.01328148, 0.10079143, -0.055152595, 0.13924606, -0.07085422, -0.2064535, 0.16643552, 0.01684043, 0.0686561, -0.14238304, -0.0708482, -0.020175733, -0.1722128, -0.046056006, 0.09468967, -0.044335928, 0.06587254, 0.0011171577, -0.012282129, 0.07475517, -0.11255976, -0.061105985, -0.019338816, 0.1395079, 0.060595516, -0.099413365, -0.048561122, -0.027095843, 0.055679444, 0.042372823, 0.04932879, -0.15176459, 0.1561138, -0.033267878, 0.08749473, -0.041634757, 0.118544236, -0.001069355]}