{"amount_of_iterations": 300, "tokens_list": ["'marcus'", "'rashford'", "'-'", "'lrb'", "'-'", "'born'", "'31'", "'october'", "'1997'", "'-'", "'rrb'", "'-'", "'is'", "'an'", "'english'", "'professional'", "'footballer'", "'who'", "'plays'", "'as'", "'a'", "'forward'", "'for'", "'premier'", "'league'", "'club'", "'manchester'", "'united'", "'and'", "'the'", "'england'", "'national'", "'team'", "'.'", "'a'", "'manchester'", "'united'", "'player'", "'from'", "'the'", "'age'", "'of'", "'seven'", "','", "'he'", "'scored'", "'twice'", "'in'", "'both'", "'his'", "'first'", "'-'", "'team'", "'debut'", "'-'", "'lrb'", "'-'", "'europa'", "'league'", "'-'", "'rrb'", "'-'", "'after'", "'the'", "'warm'", "'-'", "'up'", "'injury'", "'of'", "'striker'", "'anthony'", "'martial'", "'and'", "'in'", "'his'", "'first'", "'premier'", "'league'", "'game'", "'in'", "'february'", "'2016'", "'-'", "'lrb'", "'-'", "'against'", "'arsenal'", "'-'", "'rrb'", "'-'", "'.'", "'he'", "'also'", "'scored'", "'in'", "'his'", "'first'", "'manchester'", "'derby'", "'game'", "','", "'and'", "'his'", "'first'", "'league'", "'cup'", "'game'", "'.'", "'rashford'", "'scored'", "'on'", "'his'", "'england'", "'debut'", "'in'", "'may'", "'2016'", "','", "'becoming'", "'the'", "'youngest'", "'english'", "'player'", "'to'", "'score'", "'in'", "'his'", "'first'", "'senior'", "'international'", "'game'", "'.'", "'he'", "'was'", "'chosen'", "'for'", "'uefa'", "'euro'", "'2016'", "'.'"], "scores_list": [-0.083225094, 0.069780305, -0.08432979, -0.063583165, 0.009412404, 0.002295719, -0.08363304, 0.027978713, -0.06592384, -0.02034463, -0.09251764, 0.0023292988, 0.06192356, 0.09103915, 0.031613607, 0.00016786302, 0.12303403, -0.09042445, 0.061756954, 0.051367696, -0.05930687, -0.084806934, -0.08316533, 0.027683524, 0.061300043, 0.109898046, 0.09341081, 0.13301876, -0.07966752, 0.061791312, 0.060155112, 0.09643061, 0.0627452, -0.049829107, 0.053960126, 0.04397939, 0.14788586, 0.09010931, 0.13321495, 0.023874499, 0.08627117, -0.0035438999, -0.09547813, 0.087152116, -0.120749705, 0.09708814, -0.10415776, 0.17236713, -0.026548464, -0.14017098, 0.01172897, 0.12874249, -0.22803044, -0.10326371, 0.004268384, 0.13786492, 0.012316354, 0.0030949162, 0.044344146, -0.04153796, 0.027115077, 0.056483183, -0.007464541, -0.020871948, 0.037947357, 0.13959347, 0.15894844, -0.031475533, -0.07319158, -0.0883023, 0.034779895, 0.0017746006, 0.011590934, 0.052923143, -0.13818707, 0.029759208, -0.032441847, 0.111994796, -0.089689925, -0.010674448, -0.08943753, -0.08762592, 0.02040586, -0.07764582, -0.11435831, 0.11939541, 0.044503298, -0.067578025, -0.061449606, 0.04369213, -0.07844268, -0.0033777356, -0.013061414, 0.016081247, -0.13993189, -0.024525095, -0.08363598, -0.046974372, 0.08348741, -0.19177595, 0.06511325, 0.027374707, 0.10522653, -0.12753251, -0.09203761, 0.02775337, 0.01386472, 0.17241842, 0.0470151, -0.063112706, 0.060568433, 0.041844774, -0.113208264, -0.026410235, 0.02551078, -0.009660723, 0.04559281, 0.097576596, -0.048700124, 0.049262628, 0.18017039, 0.14895266, 0.09132748, 0.0466755, 0.14981668, -0.17418736, 0.1045868, 0.080059424, -0.008578541, 0.03712574, 0.11881009, -0.012372953, -0.08454135, -0.08318365, -0.0051141623, -0.1184866, 0.0077890907, -0.031437676, -0.020753356, -0.053599536]}