{"amount_of_iterations": 300, "tokens_list": ["'keeping'", "'up'", "'with'", "'the'", "'joneses'", "'is'", "'a'", "'2016'", "'american'", "'action'", "'comedy'", "'film'", "'directed'", "'by'", "'greg'", "'mottola'", "'and'", "'written'", "'by'", "'michael'", "'lesieur'", "'.'", "'starring'", "'zach'", "'galifianakis'", "','", "'jon'", "'hamm'", "','", "'isla'", "'fisher'", "'and'", "'gal'", "'gadot'", "','", "'the'", "'film'", "'follows'", "'a'", "'suburban'", "'couple'", "'-'", "'lrb'", "'-'", "'galifianakis'", "'and'", "'fisher'", "'-'", "'rrb'", "'-'", "'who'", "'begin'", "'to'", "'suspect'", "'their'", "'new'", "'neighbors'", "'-'", "'lrb'", "'-'", "'hamm'", "'and'", "'gadot'", "'-'", "'rrb'", "'-'", "'are'", "'secret'", "'agents'", "'.'", "'the'", "'film'", "'was'", "'released'", "'on'", "'october'", "'21'", "','", "'2016'", "'by'", "'20th'", "'century'", "'fox'", "','", "'received'", "'generally'", "'negative'", "'reviews'", "'and'", "'was'", "'a'", "'box'", "'office'", "'bomb'", "','", "'grossing'", "'$'", "'29'", "'million'", "'against'", "'its'", "'$'", "'40'", "'million'", "'budget'", "'.'"], "scores_list": [-0.047666077, -0.02038939, -0.0134345675, 0.13919374, 0.12462527, -0.036526114, 0.08231014, -0.05606057, -0.09047703, 0.14072, 0.065262176, 0.1248858, -0.008996481, 0.057969846, 0.17654923, -0.15852964, -0.0007085113, -0.08714371, -0.21679065, -0.14354017, -0.074503995, 0.0011824027, -0.03602189, -0.0015387982, 0.10326133, 0.07116012, 0.17412226, 0.19016154, -0.0002586661, -0.03500602, -0.050165094, -0.024228606, -0.023334574, -0.09509498, 0.03885349, 0.040317714, 0.101818986, 0.020487772, -0.03122511, -0.0016025028, -0.030311817, -0.036195427, -0.047750577, -0.16760045, -0.09457261, -0.052198697, 0.071810246, 0.05819836, 0.10756067, -0.08361205, -0.03899061, -0.06902676, -0.071140245, -0.07304615, 0.000981374, -0.040931355, -0.047558118, 0.014213393, 0.05915403, 0.054841388, 0.078961186, -0.04633481, 0.09273085, 0.013774836, 0.22576573, 0.046460953, -0.059238918, -0.007912308, -0.07164966, 0.016435863, 0.088546, 0.092064664, -0.09467838, 0.104886964, -0.061076142, -0.12994088, 0.059414923, -0.058548335, 0.0637356, 0.23522002, 0.09731037, -0.0052407673, -0.0034960117, -0.19715577, -0.11791658, 0.09158395, 0.04691135, 0.112844445, 0.021024257, -0.066096336, -0.08989935, -0.08296283, 0.07766167, -0.08676387, 0.105801366, -0.09302809, 0.123581134, 0.144006, -0.17520468, 0.24424653, -0.096617825, 0.049656674, 0.04611561, -0.0042820107, 0.020573089, 0.013355452]}