{"amount_of_iterations": 300, "tokens_list": ["'heather'", "'miriam'", "'watson'", "'-'", "'lrb'", "'-'", "'born'", "'19'", "'may'", "'1992'", "'-'", "'rrb'", "'-'", "'is'", "'a'", "'british'", "'tennis'", "'player'", "'and'", "'a'", "'wimbledon'", "'mixed'", "'doubles'", "'champion'", "'.'", "'she'", "'is'", "'a'", "'former'", "'british'", "'no'", "'.'", "'1'", "'and'", "'current'", "'british'", "'no'", "'.'", "'2'", "'behind'", "'johanna'", "'konta'", "'.'", "'she'", "'holds'", "'the'", "'mixed'", "'doubles'", "'title'", "'at'", "'the'", "'2016'", "'wimbledon'", "'championships'", "'with'", "'henri'", "'kontinen'", "'.'", "'on'", "'14'", "'october'", "'2012'", "','", "'watson'", "'won'", "'her'", "'first'", "'wta'", "'singles'", "'title'", "'with'", "'a'", "'win'", "'over'", "'chang'", "'kai'", "'-'", "'chen'", "'of'", "'taiwan'", "'in'", "'the'", "'final'", "'of'", "'the'", "'japan'", "'open'", "','", "'becoming'", "'the'", "'first'", "'british'", "'female'", "'to'", "'win'", "'a'", "'wta'", "'singles'", "'title'", "'since'", "'sara'", "'gomer'", "'in'", "'1988'", "'.'", "'in'", "'her'", "'junior'", "'career'", "','", "'watson'", "'won'", "'the'", "'us'", "'open'", "'and'", "'gold'", "'at'", "'the'", "'2008'", "'commonwealth'", "'youth'", "'games'", "'.'", "'she'", "'had'", "'been'", "'as'", "'high'", "'as'", "'no'", "'.'", "'3'", "'in'", "'the'", "'world'", "'on'", "'the'", "'itf'", "'junior'", "'circuit'", "'.'"], "scores_list": [-0.015874095, 0.11039061, -0.25993907, -0.04602302, -0.1356471, -0.118748434, -0.10748451, 0.14685465, 0.025990473, -0.007031697, 0.1315837, -0.1837837, -0.1474117, -0.23654991, -0.0034114544, -0.0591182, -0.17692983, 0.0024113182, 0.04744206, 0.11794391, -0.019378899, 0.20284498, -0.10865992, 0.045508467, 0.038573474, -0.034355596, 0.032665942, -0.066814765, 0.047747612, -0.036509544, 0.05552882, -0.0062890914, -0.044131506, 0.027215755, -0.11245598, 0.029774716, 0.051958624, 0.17727262, 0.037949447, 0.04000219, 0.11877109, -0.10590268, 0.011453217, 0.00851422, 0.10468644, -0.1631112, -0.030445622, 0.03912679, -0.017689519, -0.056259308, -0.01770533, 0.040586285, -0.12261508, 0.04711018, -0.05388378, 0.033113096, 0.078524046, -0.06745632, -0.09152471, 0.0117831975, -0.040172778, -0.021226363, 0.022053933, 0.012737459, -0.044620454, -0.11994089, 0.017275535, 0.05605759, 0.07237241, 0.02679629, -0.038523868, 0.12177356, -0.034507845, 0.09483235, -0.026518203, -0.04910043, 0.010669551, -0.03028512, 0.013835861, -0.00021645626, 0.061254844, -0.015194299, -0.0012881195, 0.12813058, -0.048023697, -0.047337078, -0.13590303, -0.030415656, 0.08083303, 0.1576955, 0.03349727, -0.07460429, 0.0074637304, 0.0047757495, 0.019521983, -0.04647587, 0.098816566, 0.07412587, 0.1474571, -0.08622539, -0.016408311, -0.12517409, -0.0058268416, -0.065611884, 0.13731426, -0.03300278, 0.008142664, 0.052867796, -0.012484011, -0.004526538, 0.040549394, -0.05239489, -0.114481874, -0.009881844, 0.0125833545, 0.03171517, 0.010790147, 0.0084058205, -0.052887544, 0.078861944, -0.08162118, 0.032562677, -0.022390239, 0.00796347, 0.092621155, -0.028502405, 0.016125334, -0.019555798, -0.0346578, 0.024167888, 0.01769563, 0.05311959, 0.029597746, 0.13700649, -0.036273748, 0.09003267, 0.095887385, 0.12565112, -0.07130298, -0.21756087, -0.0691215, 0.047450382]}