{"amount_of_iterations": 300, "tokens_list": ["'portia'", "'lee'", "'james'", "'degeneres'", "'-'", "'lrb'", "'-'", "'born'", "'amanda'", "'lee'", "'rogers'", "';'", "'january'", "'31'", "','", "'1973'", "'-'", "'rrb'", "'-'", "','", "'also'", "'known'", "'professionally'", "'as'", "'portia'", "'de'", "'rossi'", "'-'", "'lrb'", "'-'", "'-'", "'lsb'", "'-'", "'\u02c8p\u0254\u0259r\u0283\u0259'", "'_'", "'d\u0259'", "'_'", "'\u02c8r\u0252si'", "'-'", "'rsb'", "'-'", "'-'", "'rrb'", "'-'", "','", "'is'", "'an'", "'australian'", "'and'", "'american'", "'actress'", "','", "'model'", "','", "'and'", "'philanthropist'", "'.'", "'she'", "'appeared'", "'as'", "'a'", "'regular'", "'cast'", "'member'", "'on'", "'the'", "'american'", "'political'", "'thriller'", "'television'", "'series'", "'scandal'", "'in'", "'the'", "'role'", "'of'", "'elizabeth'", "'north'", "'from'", "'2014'", "'to'", "'2017'", "'.'", "'she'", "'is'", "'also'", "'known'", "'for'", "'her'", "'roles'", "'as'", "'lawyer'", "'nelle'", "'porter'", "'on'", "'the'", "'american'", "'television'", "'series'", "'ally'", "'mcbeal'", "'-'", "'-'", "'for'", "'which'", "'she'", "'won'", "'a'", "'screen'", "'actors'", "'guild'", "'award'", "'in'", "'1999'", "'-'", "'-'", "'and'", "'as'", "'lindsay'", "'funke'", "'on'", "'the'", "'american'", "'television'", "'sitcom'", "'arrested'", "'development'", "'.'", "'she'", "'also'", "'portrayed'", "'veronica'", "'palmer'", "'on'", "'the'", "'abc'", "'television'", "'sitcom'", "'better'", "'off'", "'ted'", "','", "'and'", "'olivia'", "'lord'", "'on'", "'the'", "'television'", "'drama'", "'nip'", "'/'", "'tuck'", "'.'", "'de'", "'rossi'", "'is'", "'married'", "'to'", "'comedian'", "'and'", "'television'", "'host'", "'ellen'", "'degeneres'", "'.'"], "scores_list": [-0.011071146, -0.0041720723, 0.010601235, -0.014352264, -0.0010278174, 0.009104357, -0.0016045119, -0.0045102066, 0.0067952, -0.0059348033, 0.012040671, 0.0018539614, 0.0072878213, 0.0070554055, 0.0014523127, 0.0051915464, 0.003882387, -0.008286986, -0.0058655785, -0.00375648, -0.0028700195, -0.00655497, -0.008345173, 0.0075548715, -0.0067248247, 0.006138021, 0.005086808, -0.0012225511, 0.014619081, -0.009855357, -0.0062341345, 0.0047066407, 0.0027431292, -0.0121439565, 0.003247122, 0.0067562354, 0.003824727, 0.0148827685, -0.009157379, -0.0040545263, -0.000778354, 0.0011224141, 0.0029026738, 0.009393066, -0.012819619, 0.008497071, 0.003826568, -0.0015851281, -0.0076294835, 0.0127457725, -0.0121150175, -0.0038538098, -0.00055526313, -0.002740319, 0.0014422254, 0.0032489987, 0.0039874073, 0.0056291865, 0.0007809482, 0.0085981935, -0.0030253446, 0.00527369, -0.014941541, 0.0069366037, 0.00054071523, 0.011527454, -0.009714728, 0.010545844, -0.007574022, 0.00066734164, 0.005919364, 0.9950198, 0.007836358, -0.009231781, -0.011219977, 0.00023514344, -0.0074046236, -0.0070750196, -0.006188062, -0.0057822545, 0.0012541887, -0.009197441, -0.0029641192, 0.013233451, -0.0034391251, -0.0044198716, -0.009261748, -0.008847641, 0.008376377, -0.0005560382, -0.006817506, 0.0004028677, -0.0052726264, 0.010071357, 0.008733583, 0.012707921, 0.026193941, -0.016324155, -0.0026159754, -0.0042396886, 0.012246286, -0.004528865, -0.0026763068, -0.0013464093, -0.0016232411, -0.002195066, -0.0014708453, -0.0014473526, 0.00085191155, -0.009105116, 0.005222854, -0.0034992262, -0.00049261464, -0.0010190768, 0.00253914, -0.0059904754, 0.0080610765, 0.003925957, -0.006133858, -0.008895912, -0.007597484, -0.006102231, -0.0076853037, -0.0045589614, 0.002679763, -0.002328444, 0.0049551562, 0.009108313, 0.007877269, -0.009563359, -0.001232631, -0.006071343, -0.010143275, 0.0021153502, 0.0016740729, 0.0021533114, 0.0041075484, 0.008032648, 0.0063366066, 0.023360787, -0.004297684, 0.0102209905, 0.0070750713, -0.005864073, -0.0066940165, 0.00600638, -0.0026777547, 0.0051876944, -0.00053897797, 0.0060530915, 0.00023656242, -0.007403519, -0.009945027, 0.0015317925, 0.0006663112, -0.0034617912, -0.018437522, -0.00015781684, 4.845619e-05, 0.006909154, 0.01773806, -0.0027365766, 0.0007454195, -0.009043413, 0.0029939467]}