{"amount_of_iterations": 300, "tokens_list": ["'holiday'", "':'", "'a'", "'soldier'", "'is'", "'never'", "'off'", "'duty'", "'is'", "'a'", "'2014'", "'indian'", "'action'", "'thriller'", "'film'", "'written'", "'and'", "'directed'", "'by'", "'a'", "'.'", "'r'", "'.'", "'murugadoss'", "','", "'and'", "'produced'", "'by'", "'vipul'", "'shah'", "'.'", "'it'", "'features'", "'akshay'", "'kumar'", "'and'", "'sonakshi'", "'sinha'", "'in'", "'the'", "'lead'", "'roles'", "','", "'along'", "'with'", "'farhad'", "'as'", "'the'", "'antagonist'", "'in'", "'his'", "'bollywood'", "'debut'", "'and'", "'govinda'", "'in'", "'a'", "'special'", "'appearance'", "'.'", "'it'", "'is'", "'a'", "'remake'", "'of'", "'murugadoss'", "\"'\"", "'own'", "'acclaimed'", "'tamil'", "'film'", "'thuppakki'", "'-'", "'lrb'", "'-'", "'2012'", "'-'", "'rrb'", "'-'", "'.'", "'the'", "'film'", "'released'", "'on'", "'6'", "'june'", "'2014'", "','", "'becoming'", "'the'", "'biggest'", "'net'", "'grosser'", "'of'", "'the'", "'first'", "'half'", "'of'", "'2014'", "'.'", "'akshay'", "'kumar'", "'was'", "'nominated'", "'filmfare'", "'award'", "'for'", "'best'", "'actor'", "'at'", "'60th'", "'filmfare'", "'awards'", "'.'"], "scores_list": [0.10439163, 0.11243917, -0.006653386, -0.13046232, -0.10002932, 0.324705, -0.00995656, -0.010545997, 0.01670084, 0.088868976, 0.10299876, 0.037222844, -0.14241019, 0.10182436, -0.03133105, -0.046882283, 0.06817203, 0.05974065, 0.10349755, -0.052247215, 0.015643362, -0.03593124, 0.15217231, 0.028036254, 0.02336284, 0.023765318, -0.1346829, -0.17050973, -0.043949164, -0.07057096, 0.018585013, -0.07018998, -0.06685548, -0.16512798, 0.024801208, 0.28987244, -0.07738191, 0.038296197, -0.054270256, 0.006143039, -0.020251669, 0.01203167, 0.06612455, 0.053415038, 0.009864462, -0.052222595, 0.010158017, -0.016055271, -0.07406241, -0.071294084, 0.083597265, -0.14574815, 0.025004162, -0.034564145, -0.041499168, 0.0011194608, 0.07123795, 0.009093239, -0.06667296, -0.026901161, 0.08924558, 0.077746876, -0.07631466, -0.06780241, -0.104304805, 0.113311425, -0.005978103, 0.024297262, 0.058542516, -0.005790843, -0.1916319, -0.1518253, -0.1391003, -0.050064523, -0.055717845, 0.14274107, 0.056771886, -0.04986748, 0.22050215, 0.074346006, 0.14802855, -0.009845763, 0.0768579, -0.010077105, 0.17525572, -0.096486844, 0.12444132, 0.008099432, 0.09056529, -0.09726477, -0.12219013, -0.1018368, 0.079934075, -0.0011143385, -0.012748639, 0.019736623, 0.08092306, -0.10117417, 0.01769022, 0.063179925, -0.116592355, 0.0026245033, 0.06896802, 0.13138328, 0.039009202, 0.02563924, -0.032886263, -0.022101361, 0.026545096, -0.09536776, -0.034015656, -0.005044728, -0.120291166, -0.003685603]}