{"amount_of_iterations": 300, "tokens_list": ["'sophie'", "'turner'", "'-'", "'lrb'", "'-'", "'born'", "'21'", "'february'", "'1996'", "'-'", "'rrb'", "'-'", "'is'", "'an'", "'english'", "'actress'", "'.'", "'turner'", "'made'", "'her'", "'professional'", "'acting'", "'debut'", "'as'", "'sansa'", "'stark'", "'on'", "'the'", "'hbo'", "'fantasy'", "'television'", "'series'", "'game'", "'of'", "'thrones'", "'-'", "'lrb'", "'-'", "'2011'", "'-'", "'-'", "'present'", "'-'", "'rrb'", "'-'", "','", "'which'", "'brought'", "'her'", "'international'", "'recognition'", "'and'", "'critical'", "'praise'", "'.'", "'for'", "'her'", "'performance'", "','", "'she'", "'has'", "'received'", "'four'", "'nominations'", "'for'", "'screen'", "'actors'", "'guild'", "'award'", "'for'", "'outstanding'", "'performance'", "'by'", "'an'", "'ensemble'", "'in'", "'a'", "'drama'", "'series'", "','", "'as'", "'well'", "'as'", "'a'", "'young'", "'artist'", "'award'", "'nomination'", "'for'", "'best'", "'supporting'", "'young'", "'actress'", "'in'", "'a'", "'tv'", "'series'", "'.'", "'turner'", "'has'", "'also'", "'starred'", "'in'", "'the'", "'television'", "'film'", "'the'", "'thirteenth'", "'tale'", "'-'", "'lrb'", "'-'", "'2013'", "'-'", "'rrb'", "'-'", "'and'", "'she'", "'made'", "'her'", "'feature'", "'film'", "'debut'", "'in'", "'another'", "'me'", "'-'", "'lrb'", "'-'", "'2013'", "'-'", "'rrb'", "'-'", "'.'", "'she'", "'has'", "'also'", "'starred'", "'in'", "'the'", "'action'", "'comedy'", "'barely'", "'lethal'", "'-'", "'lrb'", "'-'", "'2015'", "'-'", "'rrb'", "'-'", "'and'", "'played'", "'jean'", "'grey'", "'/'", "'phoenix'", "'in'", "'the'", "'x'", "'-'", "'men'", "'film'", "'series'", "'.'"], "scores_list": [0.018535897, 0.008880567, -0.03059381, 0.03061526, -0.010580607, 0.068682164, 0.037571073, 0.06415688, -0.051226404, -0.0019214993, 0.05484765, -0.047885638, -0.040002625, -0.02531332, 0.2089523, -0.3508478, 0.04885905, 0.09631484, -0.0006766861, -0.08964135, -0.003292037, -0.030061932, -0.0012399958, -0.0063574337, -0.07494974, -0.039903976, -0.006419068, 0.026584757, -0.061745044, 0.0115382895, -0.03549494, -0.11383821, 0.045754023, 0.02431512, 0.05731662, -0.031408925, 0.13874754, 0.06153016, 0.041738667, 0.045804765, -0.084338434, 0.007960484, 0.10702351, -0.07487191, 0.039776057, -0.00976106, 0.0090313945, -0.009709531, -0.08730884, -0.12664594, 0.037769962, 0.00995935, -0.05284493, -0.06453555, 0.08411543, -0.045747593, -0.030642083, 0.066794515, 0.019685159, -0.066653006, -0.0601578, 0.024124466, -0.0025729882, -0.09236611, -0.034266032, 0.069405526, 0.057734843, 0.0123171, 0.050379347, 0.07061795, -0.019797485, 0.009484751, 0.0005466717, 0.008290029, 0.05904659, -0.048693623, 0.05061941, -0.03702199, 0.006798498, -0.09637337, -0.07296999, 0.023126367, -0.045245517, 0.004372794, -0.03607748, -0.015132634, 0.066262916, 0.07343229, 0.026838457, -0.11488344, -0.09425063, 0.031432293, -0.13692354, 0.091939874, -0.08982415, 0.040585015, 0.0073220176, -0.0022546337, 0.18114533, 0.13810733, 0.05197457, -0.0015380783, -0.026492089, 0.068212055, 0.049876496, 0.102303855, 0.07841299, -0.09661045, -0.011288239, 0.012019409, 0.15857373, -0.16633466, -0.08127981, -0.03764323, 0.01564798, -0.05643065, 0.03570067, -0.13572916, -0.07978127, -0.20437695, -0.03881058, 0.08942196, -0.033521194, -0.02312297, 0.026866201, 0.08471969, -0.017942771, 0.16599265, -0.13163954, 0.12988853, -0.05359201, 0.14580706, 0.055288814, 0.047880623, -0.19970378, 0.022112839, 0.02022075, 0.10380294, 0.0021529007, -0.008033675, 0.020538988, -0.080734506, -0.030045917, 0.09366429, 0.026110122, -0.06731427, -0.063066565, -0.12590992, -0.07177887, -0.04988539, -0.07114625, 0.059734758, -0.011414607, -0.079507574, 0.15648375, 0.019031929, 0.03329509, 0.07744594, -0.039735574, -0.04433252, 0.09558399, -0.083067134, 0.0013463998, 0.027044209, -0.04667604]}