{"amount_of_iterations": 300, "tokens_list": ["'the'", "'greenland'", "'shark'", "'-'", "'lrb'", "'-'", "'somniosus'", "'microcephalus'", "'-'", "'rrb'", "'-'", "','", "'also'", "'known'", "'as'", "'the'", "'gurry'", "'shark'", "','", "'or'", "'grey'", "'shark'", "','", "'or'", "'by'", "'the'", "'inuit'", "'name'", "'eqalussuaq'", "','", "'is'", "'a'", "'large'", "'shark'", "'of'", "'the'", "'family'", "'somniosidae'", "'-'", "'lrb'", "'-'", "'`'", "'`'", "'sleeper'", "'sharks'", "\"'\"", "\"'\"", "'-'", "'rrb'", "'-'", "','", "'closely'", "'related'", "'to'", "'the'", "'pacific'", "'and'", "'southern'", "'sleeper'", "'sharks'", "'.'", "'the'", "'distribution'", "'of'", "'this'", "'species'", "'is'", "'mostly'", "'restricted'", "'to'", "'the'", "'waters'", "'of'", "'the'", "'north'", "'atlantic'", "'ocean'", "'and'", "'arctic'", "'ocean'", "'.'", "'it'", "'has'", "'the'", "'longest'", "'known'", "'lifespan'", "'of'", "'all'", "'vertebrate'", "'species'", "'-'", "'lrb'", "'-'", "'392'", "'\u00b1'", "'120'", "'years'", "'-'", "'rrb'", "'-'", "','", "'and'", "'is'", "'among'", "'the'", "'largest'", "'extant'", "'species'", "'of'", "'shark'", "'.'", "'as'", "'an'", "'adaptation'", "'to'", "'living'", "'at'", "'depth'", "','", "'it'", "'has'", "'a'", "'high'", "'concentration'", "'of'", "'trimethylamine'", "'n'", "'-'", "'oxide'", "'in'", "'its'", "'tissues'", "','", "'which'", "'causes'", "'the'", "'meat'", "'to'", "'be'", "'toxic'", "'.'", "'greenland'", "'shark'", "'flesh'", "'treated'", "'to'", "'reduce'", "'toxin'", "'levels'", "'is'", "'eaten'", "'in'", "'iceland'", "'as'", "'a'", "'delicacy'", "'known'", "'as'", "'k\u00e6stur'", "'hakarl'", "'.'"], "scores_list": [0.07202833, -0.03441483, 0.046143346, 0.11436115, 0.09542272, 0.061694395, 0.10051858, 0.1470262, 0.104756095, 0.045437634, -0.00999037, -0.08793209, -0.008014221, 0.01295388, 0.0090125855, -0.013350784, -0.11721933, 0.046289083, 0.18272594, 0.03634294, 0.049332988, 0.027247714, 0.025154853, -0.06544463, -0.025374524, -0.1010208, 0.034413792, -0.0012662689, 0.14506157, 0.020126335, 0.031482153, -0.023076342, -0.040828913, 0.011147611, -0.017262891, -0.042448845, -0.086867966, -0.089010336, -0.029509328, -0.069413505, -0.13312876, -0.10304764, -0.0337198, 0.17519182, 0.038498886, -0.0113098975, -0.012862779, 0.017124122, 0.062115286, 0.014327299, 0.047890868, 0.12739809, 0.1974083, -0.0036308456, 0.032859575, -0.24175745, 0.10853314, -0.02209207, 0.1368049, -0.09791801, 0.079731934, 0.10067476, 0.009890107, 0.071741596, 0.015525583, 0.04379156, -0.03694292, 0.08666806, 0.07703149, 0.0890913, 0.044692416, -0.08319977, -0.038478315, -0.1279682, -0.025872447, 0.079752006, -0.09965837, 0.054203656, 0.043742165, 0.04308032, -0.031048337, -0.042347606, -0.026247822, 0.011245151, 0.019266905, -0.0117244655, -0.050425854, -0.08173751, 0.0058984538, 0.051847577, -5.983713e-05, 0.025577879, 0.14337653, -0.011956363, 0.07355258, -0.11485891, 0.018652363, 0.050747782, 0.04102683, 0.108362675, -0.03291738, -0.07639772, -0.03060476, -0.1034313, -0.0007579447, 0.07313629, -0.001435697, -0.05836521, -0.035024498, 0.041255623, 0.08605874, -0.0727218, -0.1031713, 0.12768614, -0.051780798, 0.032044347, -0.006517244, 0.019172184, -0.05865422, 0.043242607, -0.22455633, -0.02039962, -0.06568229, 0.0006783775, 0.070942566, 0.009003761, -0.101003215, 0.07951654, 0.01437815, -0.028578972, -0.051926184, 0.024096426, -0.08474238, -0.009223393, -0.05327963, 0.024908531, -0.07993035, 0.013350129, -0.21064499, 0.077167556, -0.063224666, 0.00075579825, 0.07040645, 0.008434267, 0.062329955, -0.09962439, 0.051630538, 0.00531976, 0.020106815, 0.05179771, -0.015352695, 0.04168995, -0.20268634, 0.066453785, 0.021228736, -0.10489036, 0.054791044, 0.006447571, -0.032798976, 0.16311678, -0.05952567, 0.014827755]}