{"amount_of_iterations": 300, "tokens_list": ["'sophie'", "'turner'", "'-'", "'lrb'", "'-'", "'born'", "'21'", "'february'", "'1996'", "'-'", "'rrb'", "'-'", "'is'", "'an'", "'english'", "'actress'", "'.'", "'turner'", "'made'", "'her'", "'professional'", "'acting'", "'debut'", "'as'", "'sansa'", "'stark'", "'on'", "'the'", "'hbo'", "'fantasy'", "'television'", "'series'", "'game'", "'of'", "'thrones'", "'-'", "'lrb'", "'-'", "'2011'", "'-'", "'-'", "'present'", "'-'", "'rrb'", "'-'", "','", "'which'", "'brought'", "'her'", "'international'", "'recognition'", "'and'", "'critical'", "'praise'", "'.'", "'for'", "'her'", "'performance'", "','", "'she'", "'has'", "'received'", "'four'", "'nominations'", "'for'", "'screen'", "'actors'", "'guild'", "'award'", "'for'", "'outstanding'", "'performance'", "'by'", "'an'", "'ensemble'", "'in'", "'a'", "'drama'", "'series'", "','", "'as'", "'well'", "'as'", "'a'", "'young'", "'artist'", "'award'", "'nomination'", "'for'", "'best'", "'supporting'", "'young'", "'actress'", "'in'", "'a'", "'tv'", "'series'", "'.'", "'turner'", "'has'", "'also'", "'starred'", "'in'", "'the'", "'television'", "'film'", "'the'", "'thirteenth'", "'tale'", "'-'", "'lrb'", "'-'", "'2013'", "'-'", "'rrb'", "'-'", "'and'", "'she'", "'made'", "'her'", "'feature'", "'film'", "'debut'", "'in'", "'another'", "'me'", "'-'", "'lrb'", "'-'", "'2013'", "'-'", "'rrb'", "'-'", "'.'", "'she'", "'has'", "'also'", "'starred'", "'in'", "'the'", "'action'", "'comedy'", "'barely'", "'lethal'", "'-'", "'lrb'", "'-'", "'2015'", "'-'", "'rrb'", "'-'", "'and'", "'played'", "'jean'", "'grey'", "'/'", "'phoenix'", "'in'", "'the'", "'x'", "'-'", "'men'", "'film'", "'series'", "'.'"], "scores_list": [0.034742955, -0.0019483035, -0.055633176, -0.029274216, 0.041322716, 0.10550812, -0.064877465, 0.0019656278, 0.02508896, 0.04505289, 0.05040545, 0.040077657, 0.09387912, 0.08397205, 0.08289764, -0.69422245, -0.05235555, 0.080480754, -0.010771594, -0.06261311, -0.059788104, -0.0050139586, -0.06372236, -0.01604449, 0.18686855, -0.0066142776, 0.028657682, -0.020720674, -0.092759416, -0.03828055, 0.021219976, 0.02798244, 0.021978252, 0.022429828, 0.056470335, -0.08537443, -0.08619805, 0.020045891, -0.011775724, -0.022193257, -0.0483176, 0.04106578, -0.012996391, 0.10089624, -0.011922331, -0.023078788, -0.08076072, 0.032323215, -0.04779445, 0.0908745, -0.038391907, 0.0347004, -0.064618886, 0.036104135, -0.051319357, 0.012821545, 0.003393095, 0.033643696, -0.08806561, 0.1029574, 0.06748653, 0.09296916, 0.08727222, -0.07305789, 0.1269383, 0.016019538, -0.06529607, 0.058759537, -0.04135202, -0.026447415, 0.06427926, -0.015930342, -0.0096685225, 0.0563074, 0.064671755, -0.021902515, -0.036460806, 0.027888943, 0.038177114, 0.107414216, 0.035426185, -0.0754599, 0.12311287, 0.035972573, 0.06539117, 0.021054976, 0.05868402, -0.120631054, -0.02412562, -0.059571028, -0.016031427, -0.061371073, 0.016345993, -0.081534766, -0.013399879, 0.015884573, 0.05452561, -0.028975837, -0.058007192, -0.0133902645, 0.06354361, -0.001418999, -0.022494523, -0.0029543482, 0.03718452, 0.005832799, -0.049369242, 0.0121314395, -0.028248297, 0.045625124, 0.01281081, 0.03595625, -0.10206108, -0.046169627, 0.04947426, 0.0217842, 0.06574658, 0.0050209807, 0.0664432, 0.008709284, -0.025236081, -0.03479537, 0.0064583146, -0.00968501, 0.023742722, 0.036908396, 0.034504134, -0.036969613, -0.04664176, -0.055452056, 0.03608352, -0.06471079, 0.0758758, 0.058160894, 0.083015114, 0.028025249, -0.096507385, 0.035986744, 0.014295496, -0.00042336746, -0.067605734, -0.041030437, -0.0035069974, -0.057055235, 0.010479975, 0.08317026, 0.06617442, 0.01328523, 0.05440372, -0.012847234, -0.0066797864, -0.022970278, 0.060935866, 0.01384288, -0.103734, 0.059162293, -0.0047188224, -0.09652484, 0.029010534, -0.089074336, 0.05334254, 0.027254632, -0.008473709, -0.06163247, 0.0003885126]}