{"amount_of_iterations": 300, "tokens_list": ["'heather'", "'miriam'", "'watson'", "'-'", "'lrb'", "'-'", "'born'", "'19'", "'may'", "'1992'", "'-'", "'rrb'", "'-'", "'is'", "'a'", "'british'", "'tennis'", "'player'", "'and'", "'a'", "'wimbledon'", "'mixed'", "'doubles'", "'champion'", "'.'", "'she'", "'is'", "'a'", "'former'", "'british'", "'no'", "'.'", "'1'", "'and'", "'current'", "'british'", "'no'", "'.'", "'2'", "'behind'", "'johanna'", "'konta'", "'.'", "'she'", "'holds'", "'the'", "'mixed'", "'doubles'", "'title'", "'at'", "'the'", "'2016'", "'wimbledon'", "'championships'", "'with'", "'henri'", "'kontinen'", "'.'", "'on'", "'14'", "'october'", "'2012'", "','", "'watson'", "'won'", "'her'", "'first'", "'wta'", "'singles'", "'title'", "'with'", "'a'", "'win'", "'over'", "'chang'", "'kai'", "'-'", "'chen'", "'of'", "'taiwan'", "'in'", "'the'", "'final'", "'of'", "'the'", "'japan'", "'open'", "','", "'becoming'", "'the'", "'first'", "'british'", "'female'", "'to'", "'win'", "'a'", "'wta'", "'singles'", "'title'", "'since'", "'sara'", "'gomer'", "'in'", "'1988'", "'.'", "'in'", "'her'", "'junior'", "'career'", "','", "'watson'", "'won'", "'the'", "'us'", "'open'", "'and'", "'gold'", "'at'", "'the'", "'2008'", "'commonwealth'", "'youth'", "'games'", "'.'", "'she'", "'had'", "'been'", "'as'", "'high'", "'as'", "'no'", "'.'", "'3'", "'in'", "'the'", "'world'", "'on'", "'the'", "'itf'", "'junior'", "'circuit'", "'.'"], "scores_list": [-0.20469156, -0.16286878, -0.39469504, -0.0023918026, 0.12242993, -0.099780045, 0.12172919, 0.042970285, 0.020163786, 0.05310124, -0.06553195, -0.00509621, 0.0044894502, -0.26571316, -0.24342819, 0.12537056, -0.18007982, -0.08772024, 0.046984762, 0.045679875, -0.045254484, 0.12823792, 0.115027204, 0.13224916, -0.0013091937, 0.113095656, -0.056745403, 0.041646514, 0.0216567, -0.017445298, -0.14198011, 0.006214577, -0.035522904, -0.036860123, -0.019686924, 0.007537209, 0.05148591, -0.044626623, 0.07601996, -0.021501293, -0.123997256, -0.102155484, -0.08604944, -0.09628689, -0.017083524, 0.05974479, 0.028035674, -0.11036864, 0.1375072, -0.015461937, 0.0115955435, 0.05684607, 0.19794255, -0.013272175, -0.021226816, -0.05876107, 0.090185426, -0.019190727, -0.016681504, -0.041605126, 0.027990231, -0.034699213, 0.03509269, -0.021958616, -5.8800765e-06, 0.05657652, 0.028891446, 0.0460636, 0.1639, -0.031150363, 0.016349493, -0.0041360427, -0.025382306, 0.12443345, 0.042212687, -0.013089149, 0.044960227, 0.0917486, -0.032933787, -0.1062311, 0.08077115, -0.0011621525, 0.047722593, 0.021866053, 0.010162909, -0.081356935, -0.049472228, -0.005833736, -0.07966194, -0.011398149, 0.003067029, -0.01976981, -0.018352637, -0.008957278, -0.033971082, 0.043483183, 0.0016781831, 0.11162359, 0.008492091, 0.008430463, -0.14307304, -0.04493163, 0.0044383397, 0.10179584, -0.07320769, -0.03740273, -0.12700124, -0.03912161, 0.05891718, 0.009092126, 0.060051076, 0.11112682, 0.08876157, -0.05002055, -0.070419066, 0.030866105, 0.014805809, 0.018334072, 0.007878728, 0.07627366, 0.0024281566, 0.0812516, -0.002979363, -0.02385401, -0.08150846, -0.0036980475, 0.0015214583, -0.037594143, -0.005844581, -0.048687164, -0.0075954217, -0.036107607, 0.080162816, -0.08082003, 0.07855516, -0.018310718, -0.038891863, -0.058165297, -0.010164995, -0.058863398, 0.03965352, 0.083484374]}