{"amount_of_iterations": 300, "tokens_list": ["'portia'", "'lee'", "'james'", "'degeneres'", "'-'", "'lrb'", "'-'", "'born'", "'amanda'", "'lee'", "'rogers'", "';'", "'january'", "'31'", "','", "'1973'", "'-'", "'rrb'", "'-'", "','", "'also'", "'known'", "'professionally'", "'as'", "'portia'", "'de'", "'rossi'", "'-'", "'lrb'", "'-'", "'-'", "'lsb'", "'-'", "'\u02c8p\u0254\u0259r\u0283\u0259'", "'_'", "'d\u0259'", "'_'", "'\u02c8r\u0252si'", "'-'", "'rsb'", "'-'", "'-'", "'rrb'", "'-'", "','", "'is'", "'an'", "'australian'", "'and'", "'american'", "'actress'", "','", "'model'", "','", "'and'", "'philanthropist'", "'.'", "'she'", "'appeared'", "'as'", "'a'", "'regular'", "'cast'", "'member'", "'on'", "'the'", "'american'", "'political'", "'thriller'", "'television'", "'series'", "'scandal'", "'in'", "'the'", "'role'", "'of'", "'elizabeth'", "'north'", "'from'", "'2014'", "'to'", "'2017'", "'.'", "'she'", "'is'", "'also'", "'known'", "'for'", "'her'", "'roles'", "'as'", "'lawyer'", "'nelle'", "'porter'", "'on'", "'the'", "'american'", "'television'", "'series'", "'ally'", "'mcbeal'", "'-'", "'-'", "'for'", "'which'", "'she'", "'won'", "'a'", "'screen'", "'actors'", "'guild'", "'award'", "'in'", "'1999'", "'-'", "'-'", "'and'", "'as'", "'lindsay'", "'funke'", "'on'", "'the'", "'american'", "'television'", "'sitcom'", "'arrested'", "'development'", "'.'", "'she'", "'also'", "'portrayed'", "'veronica'", "'palmer'", "'on'", "'the'", "'abc'", "'television'", "'sitcom'", "'better'", "'off'", "'ted'", "','", "'and'", "'olivia'", "'lord'", "'on'", "'the'", "'television'", "'drama'", "'nip'", "'/'", "'tuck'", "'.'", "'de'", "'rossi'", "'is'", "'married'", "'to'", "'comedian'", "'and'", "'television'", "'host'", "'ellen'", "'degeneres'", "'.'"], "scores_list": [0.019887678, -0.014800543, -0.02131154, 0.009941768, 0.011547024, -0.014226261, 0.016211934, 0.008546364, -0.0103267655, -0.0125197135, -0.0041724355, 0.01549324, 0.005248861, 0.0068403436, -0.018046347, -0.0036692536, 0.008228994, -0.019508628, 0.0068703275, 0.010250208, -0.004471349, 0.007568971, -0.0086637465, 0.004577182, 0.017571889, -0.002135293, 0.012102998, -0.020448072, 0.023009572, -0.00744997, 0.009337728, -0.005806895, 0.006865311, 0.013659748, 0.02159907, 0.020474827, 0.0003879405, -0.011898696, 0.010484947, 0.014088828, -0.019773893, 0.0052712774, -0.012885246, 0.00050748856, -0.012816506, 0.015361923, -0.0037250677, -0.002963659, 0.010987615, 0.007342806, 0.0031100777, 0.002798114, 0.0032987313, 0.016578263, -0.0055567, 0.013338867, -0.0101429755, -0.009419073, -0.008557529, 0.020874893, 0.00087696116, 0.014899451, 0.015768023, -0.015082994, -0.0053910064, -0.010965422, -0.011842644, 0.024880776, -0.0298351, 0.0057339035, -0.014433131, 0.9838922, 0.035372052, 0.02742122, -0.017704645, -0.015963571, 0.015266061, 0.024465518, -0.014246888, -0.014957432, 0.016137436, -0.010029642, 0.004792237, -0.012950062, 0.007574499, 0.01228332, -0.006350698, -0.01031426, -0.019154642, -0.012017134, 0.014856933, 0.006919835, 0.030443281, -0.0050030737, -0.02091751, 0.02149898, 0.01076853, -0.0152900005, -0.00946388, 0.006788867, -0.010783855, 0.021130554, 0.010246986, 0.025506007, -0.00815865, 0.011747813, 0.013113242, -0.009668649, 0.014465961, -0.019953191, -0.013308662, -0.012990901, 0.008691784, -0.009171505, 0.0086859865, -0.019715264, 0.008418372, -0.0021845708, -0.014069879, -0.018207861, 0.0017448787, 0.0003751856, 0.011084089, 0.008027786, -0.022494487, -0.008696321, -0.010535916, -0.015387583, -0.021084215, -0.0023043863, -0.0002256478, -0.0028571878, 0.0059136087, 0.01890747, -0.021222942, 0.018902106, 0.0093948245, -0.0029463326, -0.019949831, 0.021179803, -0.0049976613, -0.008936177, -0.0127182, 0.0018693864, -0.01300081, 0.001775809, -0.017080229, -0.01638526, -0.00016108036, -0.008333068, -0.0118766185, 0.0011761513, 0.0038437736, -0.01603705, 0.004040907, 0.0025830462, 0.006450145, -0.00055079215, -0.0012147364, -2.276044e-05, -0.0084608635, -0.004190192, -0.0011466898, -0.03273717, 0.007375058]}