{"amount_of_iterations": 300, "tokens_list": ["'jack'", "'dorsey'", "'-'", "'lrb'", "'-'", "'born'", "'november'", "'19'", "','", "'1976'", "'-'", "'rrb'", "'-'", "'is'", "'an'", "'american'", "'computer'", "'programmer'", "'and'", "'internet'", "'entrepreneur'", "'widely'", "'known'", "'as'", "'a'", "'co'", "'-'", "'founder'", "'and'", "'ceo'", "'of'", "'twitter'", "','", "'and'", "'as'", "'the'", "'founder'", "'and'", "'ceo'", "'of'", "'square'", "','", "'a'", "'mobile'", "'payments'", "'company'", "'.'", "'in'", "'2008'", "','", "'he'", "'was'", "'named'", "'to'", "'the'", "'mit'", "'technology'", "'review'", "'tr35'", "'as'", "'one'", "'of'", "'the'", "'top'", "'35'", "'innovators'", "'in'", "'the'", "'world'", "'under'", "'the'", "'age'", "'of'", "'35'", "'.'", "'for'", "'2012'", "','", "'the'", "'wall'", "'street'", "'journal'", "'gave'", "'him'", "'the'", "'`'", "'`'", "'innovator'", "'of'", "'the'", "'year'", "'award'", "\"'\"", "\"'\"", "'for'", "'technology'", "'.'"], "scores_list": [-0.11894189, -0.007773698, -0.0067682364, -0.026410537, -0.024438148, -0.108205505, -0.07870866, -0.04369808, 0.045893047, 0.013815721, -0.047766056, 0.08241897, 0.04760847, -0.15953137, -0.07738368, 0.88939404, -0.033455253, 0.01588455, 0.014193381, -0.03997819, 0.045290038, -0.08146528, -0.05207413, -0.021600226, -0.0076621864, 0.067766115, 0.044871863, -0.04292959, 0.02657805, -0.04675052, -0.006712261, -0.027306259, -0.036052063, 0.017763807, -0.002959628, 0.00010652757, 0.023090098, -0.05737211, -0.028562514, 0.004631192, -0.066527046, -0.0016622033, -0.04121598, 0.019132363, 0.025701698, 0.023040395, 0.03358511, -0.038128346, -0.049634434, -0.013337761, 0.04638153, -0.010675357, 0.072511315, 0.0012959376, 0.031201337, 0.015723614, 0.004956546, 0.0732916, -0.04001102, -0.03575291, 0.052855127, 0.012755037, -0.07141524, 0.05703204, -0.025042282, 0.044776846, -0.025865426, 0.013657777, -0.026062984, 0.031992316, -0.096024714, -0.030274013, 0.016416144, -0.006512376, -0.033146236, -0.025722675, 0.038768254, 0.024910526, -0.041308913, 0.004561424, -0.05972185, -0.0046667475, 0.02178123, 0.0444409, -0.08214824, 0.033479966, 0.06371988, 0.06648271, -0.012879623, -0.00036276944, -0.0040776907, -0.044595134, -0.018483898, 0.038545255, -0.021591235, -0.0042776153, 0.026164945]}