{"amount_of_iterations": 300, "tokens_list": ["'legion'", "'-'", "'lrb'", "'-'", "'david'", "'charles'", "'haller'", "'-'", "'rrb'", "'-'", "'is'", "'a'", "'fictional'", "'character'", "'appearing'", "'in'", "'american'", "'comic'", "'books'", "'published'", "'by'", "'marvel'", "'comics'", "'.'", "'he'", "'is'", "'the'", "'mutant'", "'son'", "'of'", "'professor'", "'charles'", "'xavier'", "'and'", "'gabrielle'", "'haller'", "'.'", "'legion'", "'takes'", "'the'", "'role'", "'of'", "'an'", "'antihero'", "'and'", "'has'", "'a'", "'severe'", "'mental'", "'illness'", "'including'", "'a'", "'form'", "'of'", "'dissociative'", "'identity'", "'disorder'", "'in'", "'which'", "'each'", "'of'", "'his'", "'alternate'", "'personas'", "'controls'", "'one'", "'of'", "'his'", "'many'", "'superpowers'", "'.'", "'legion'", "'stars'", "'in'", "'his'", "'own'", "'tv'", "'series'", "'of'", "'the'", "'same'", "'name'", "'where'", "'he'", "'is'", "'portrayed'", "'by'", "'dan'", "'stevens'", "'.'"], "scores_list": [-0.16065156, 0.05157545, -0.17420743, -0.06400121, 0.0074147703, -0.027718155, 0.06716237, -0.05834209, -0.037528604, 0.06394802, -8.326903e-05, -0.11241906, -0.09296893, 0.18142094, 0.0042547365, 0.022056555, -0.013323083, 0.0031106793, 0.055510722, 0.11034796, 0.040659286, 0.15729392, 0.08676336, 0.050362717, 0.053883046, -0.052237302, -0.11530507, 0.012911792, -0.013157343, 0.021972306, 0.014264965, 0.075407214, -0.10517874, -0.061615646, -0.102374844, -0.05727173, -0.050052315, 0.25955498, -0.0042354134, -0.027444927, -0.0065123145, -0.11789566, -0.02647329, 0.15619761, -0.07349425, 0.060511503, -0.017143266, 0.010835807, 0.071411565, -0.15209077, -0.04775349, -0.0024736573, 0.051260967, 0.06306066, 0.15577927, -0.077312335, -0.0617031, -0.03574928, 0.036038976, 0.05439497, -0.046832543, 0.15236485, -0.07559435, -0.095149904, -0.03789357, -0.020778505, 0.04790315, -0.0040943115, 0.05073912, -0.09698509, 0.020393688, 0.4434741, 0.055708997, -0.03490376, -0.027570276, -0.037573792, -0.11147285, -0.046194147, 0.08610815, 0.02394557, 0.037931446, -0.15278961, 0.13101096, 0.10240457, 0.031011233, 0.23742607, 0.07559053, 0.37267455, 0.06468217, 0.0038296655]}