{"amount_of_iterations": 300, "tokens_list": ["'marcus'", "'rashford'", "'-'", "'lrb'", "'-'", "'born'", "'31'", "'october'", "'1997'", "'-'", "'rrb'", "'-'", "'is'", "'an'", "'english'", "'professional'", "'footballer'", "'who'", "'plays'", "'as'", "'a'", "'forward'", "'for'", "'premier'", "'league'", "'club'", "'manchester'", "'united'", "'and'", "'the'", "'england'", "'national'", "'team'", "'.'", "'a'", "'manchester'", "'united'", "'player'", "'from'", "'the'", "'age'", "'of'", "'seven'", "','", "'he'", "'scored'", "'twice'", "'in'", "'both'", "'his'", "'first'", "'-'", "'team'", "'debut'", "'-'", "'lrb'", "'-'", "'europa'", "'league'", "'-'", "'rrb'", "'-'", "'after'", "'the'", "'warm'", "'-'", "'up'", "'injury'", "'of'", "'striker'", "'anthony'", "'martial'", "'and'", "'in'", "'his'", "'first'", "'premier'", "'league'", "'game'", "'in'", "'february'", "'2016'", "'-'", "'lrb'", "'-'", "'against'", "'arsenal'", "'-'", "'rrb'", "'-'", "'.'", "'he'", "'also'", "'scored'", "'in'", "'his'", "'first'", "'manchester'", "'derby'", "'game'", "','", "'and'", "'his'", "'first'", "'league'", "'cup'", "'game'", "'.'", "'rashford'", "'scored'", "'on'", "'his'", "'england'", "'debut'", "'in'", "'may'", "'2016'", "','", "'becoming'", "'the'", "'youngest'", "'english'", "'player'", "'to'", "'score'", "'in'", "'his'", "'first'", "'senior'", "'international'", "'game'", "'.'", "'he'", "'was'", "'chosen'", "'for'", "'uefa'", "'euro'", "'2016'", "'.'"], "scores_list": [-0.044920217, -0.12275751, 0.02903637, 0.13601884, -0.11255316, 0.059187308, 0.107952684, -0.0039223223, -0.071327426, -0.07171703, -0.10469299, 0.18343697, -0.1423098, -0.002471889, 0.03517951, 0.06444869, 0.17867549, 0.018370483, 0.01925564, 0.058985617, -0.09230584, -0.08285982, 0.19499528, -0.08786143, 0.011428712, 0.0681235, 0.07533894, 0.18309103, 0.17907794, -0.16303368, -0.03564554, -0.033842914, 0.012177349, -0.1475915, 0.046608955, 0.109194055, 0.25481564, 0.011879559, -0.049252357, 0.027560303, 0.13768332, 0.00045077156, 0.0789629, 0.062177695, 0.030021878, -0.04838967, -0.08625092, -0.061200947, -0.015255922, -0.00046915066, -0.100236334, -0.018501803, 0.057668716, -0.020026468, -0.05362662, 0.10032986, -0.10471428, -0.116176754, -0.022672653, 0.057580993, -0.03664139, -0.09318392, -0.10025856, -0.008287266, -0.10913949, 0.02693439, -0.0298664, -0.13033004, -0.12850542, -0.07129248, -0.060243756, 0.03040123, 0.03028126, 0.012844954, 0.15939179, 0.031876806, 0.04351544, -0.054782137, -0.017246174, -0.06325351, -0.050263256, -0.13400035, 0.049557775, 0.0065513407, 0.07821167, 0.11340588, 0.02118821, -0.051641546, 0.055149518, 0.110401444, 0.0018759138, 0.07483423, -0.11928511, 0.030419301, 0.12622768, -0.002088962, 0.023425844, 0.07266794, -0.04457037, 0.16122964, -0.08298834, 0.01059216, 0.11723397, -0.04775841, 0.10796508, 0.00015897746, -0.01686695, 0.032714687, 0.16363758, 0.097335726, 0.0063518337, -0.051246207, 0.019046651, 0.02749176, -0.09222637, 0.044721626, -0.08754884, -0.015456426, 0.008922413, -5.7957073e-05, 0.101030275, 0.038404625, 0.026672514, -0.018719109, -0.09207032, -0.035061803, 0.040582243, -0.036534764, 0.0076343366, -0.15267345, 0.0544672, 0.0071047945, -0.03134969, 0.020091675, 0.093779765, -0.026511302, 0.056344666, 0.14711371, 0.009413562, 0.10480795]}