{"amount_of_iterations": 300, "tokens_list": ["'the'", "'greenland'", "'shark'", "'-'", "'lrb'", "'-'", "'somniosus'", "'microcephalus'", "'-'", "'rrb'", "'-'", "','", "'also'", "'known'", "'as'", "'the'", "'gurry'", "'shark'", "','", "'or'", "'grey'", "'shark'", "','", "'or'", "'by'", "'the'", "'inuit'", "'name'", "'eqalussuaq'", "','", "'is'", "'a'", "'large'", "'shark'", "'of'", "'the'", "'family'", "'somniosidae'", "'-'", "'lrb'", "'-'", "'`'", "'`'", "'sleeper'", "'sharks'", "\"'\"", "\"'\"", "'-'", "'rrb'", "'-'", "','", "'closely'", "'related'", "'to'", "'the'", "'pacific'", "'and'", "'southern'", "'sleeper'", "'sharks'", "'.'", "'the'", "'distribution'", "'of'", "'this'", "'species'", "'is'", "'mostly'", "'restricted'", "'to'", "'the'", "'waters'", "'of'", "'the'", "'north'", "'atlantic'", "'ocean'", "'and'", "'arctic'", "'ocean'", "'.'", "'it'", "'has'", "'the'", "'longest'", "'known'", "'lifespan'", "'of'", "'all'", "'vertebrate'", "'species'", "'-'", "'lrb'", "'-'", "'392'", "'\u00b1'", "'120'", "'years'", "'-'", "'rrb'", "'-'", "','", "'and'", "'is'", "'among'", "'the'", "'largest'", "'extant'", "'species'", "'of'", "'shark'", "'.'", "'as'", "'an'", "'adaptation'", "'to'", "'living'", "'at'", "'depth'", "','", "'it'", "'has'", "'a'", "'high'", "'concentration'", "'of'", "'trimethylamine'", "'n'", "'-'", "'oxide'", "'in'", "'its'", "'tissues'", "','", "'which'", "'causes'", "'the'", "'meat'", "'to'", "'be'", "'toxic'", "'.'", "'greenland'", "'shark'", "'flesh'", "'treated'", "'to'", "'reduce'", "'toxin'", "'levels'", "'is'", "'eaten'", "'in'", "'iceland'", "'as'", "'a'", "'delicacy'", "'known'", "'as'", "'k\u00e6stur'", "'hakarl'", "'.'"], "scores_list": [0.062773235, -0.10012967, -0.1626393, -0.029096195, 0.0861233, 0.079178005, 0.07358605, -0.051506847, -0.021356823, -0.09491546, -0.05014376, 0.111404926, -0.04761404, 0.077459544, 0.04904098, 0.014967507, 0.040055655, -0.08073918, -0.016680058, 0.04078501, 0.07329206, -0.035951123, 0.064944305, -0.015494577, 0.019149201, -0.0009146881, -0.18004239, -0.048598576, -0.1722253, 0.007946094, 0.053094808, -0.04181331, 0.0076164566, 0.08136583, -0.060326844, 0.015366037, 0.029172407, -0.113142796, 0.06115166, 0.09523496, -0.070876025, 0.106427535, -0.06273651, 0.25324678, -0.053019136, 0.17650203, -0.054004, 0.0034972879, 0.034639537, 0.0008998748, -0.049231146, 0.14375186, 0.30302805, -0.06733962, -0.08746504, -0.15221362, -0.022136662, -0.112880126, 0.12019111, 0.12383193, -0.02167271, 0.048055787, 0.04636116, 0.02387382, -0.028624099, 0.028994596, 0.017744768, 0.08681716, 0.009588382, -0.017756348, 0.0017585156, -0.043231864, 0.02183825, 0.03338946, -0.07071485, 0.049465146, -0.058293574, -0.044694114, -0.046858948, 0.10856919, 0.06938162, 0.055898342, -0.052925218, -0.038006835, 0.07898791, -0.058186155, -0.07051743, 0.00048111464, 0.047919996, -0.023469353, -0.016174968, -0.06805837, 0.093082964, 0.011218779, 0.1044146, 0.16999474, 0.0053124465, 0.017770087, -0.063930415, 0.024080072, -0.025134295, -0.0053025773, -0.01916976, 0.0035682952, 0.052945938, -0.054166578, -0.0006288381, -0.017737681, -0.07156598, 0.07070151, -0.067673065, 0.06938325, 0.007430066, 0.050336804, 0.12440288, 0.12983403, -0.08944505, 0.039761554, 0.11166217, 7.67665e-05, -0.050358947, 0.015097028, -0.02479998, -0.092298575, -0.18372148, 0.0700497, 0.0674086, -0.0069142776, 0.0179687, -0.004332926, 0.09399437, -0.03635719, 0.021091867, 0.0022422576, 0.015442868, 0.059919417, 0.026008641, 0.009195707, 0.08528969, 0.023589278, 0.0042364122, -0.04540475, 0.0071354834, -0.004532096, -0.004613439, 0.057954464, -0.009637399, 0.035884254, -0.008992999, -0.045002624, -0.17879495, 0.02007192, -0.0792834, 0.009312344, 0.10579394, -0.022448182, 0.07827916, 0.051056404, 0.035139833, -0.053167593, -0.10671774, 0.002738092]}