{"amount_of_iterations": 300, "tokens_list": ["'david'", "'tennant'", "'-'", "'lrb'", "'-'", "'born'", "'david'", "'john'", "'mcdonald'", "';'", "'18'", "'april'", "'1971'", "'-'", "'rrb'", "'-'", "'is'", "'a'", "'scottish'", "'actor'", "'and'", "'voice'", "'actor'", "'.'", "'he'", "'is'", "'best'", "'known'", "'for'", "'his'", "'roles'", "'as'", "'the'", "'tenth'", "'doctor'", "'in'", "'the'", "'british'", "'television'", "'series'", "'doctor'", "'who'", "','", "'alec'", "'hardy'", "'in'", "'broadchurch'", "','", "'giacomo'", "'casanova'", "'in'", "'the'", "'tv'", "'serial'", "'casanova'", "','", "'kilgrave'", "'in'", "'jessica'", "'jones'", "','", "'and'", "'barty'", "'crouch'", "','", "'jr'", "'.'", "'in'", "'the'", "'film'", "'harry'", "'potter'", "'and'", "'the'", "'goblet'", "'of'", "'fire'", "'.'", "'in'", "'addition'", "'to'", "'his'", "'appearances'", "'on'", "'screen'", "','", "'he'", "'has'", "'worked'", "'as'", "'a'", "'voice'", "'actor'", "'and'", "'in'", "'theatre'", "','", "'including'", "'a'", "'critically'", "'acclaimed'", "'stage'", "'production'", "'of'", "'hamlet'", "'.'", "'in'", "'january'", "'2015'", "','", "'tennant'", "'received'", "'the'", "'national'", "'television'", "'award'", "'for'", "'special'", "'recognition'", "'.'"], "scores_list": [-0.00051186857, -0.07835939, -0.072983354, 0.10909584, -0.033575077, 0.020358266, 0.004781829, 0.13313471, -0.027199928, 0.057125174, 0.05565797, 0.007826737, -0.06930924, 0.008460274, 0.1083969, 0.11029445, -0.026712293, 0.02182914, -0.07125383, -0.017107656, 0.047354084, -0.03694311, -0.07070976, -0.046377808, -0.08010224, 0.00092046737, -0.065088, 0.09300251, 0.088974655, 0.11994563, -0.018438281, 0.09061728, 0.0129129635, -0.6386588, -0.33827657, 0.15397945, 0.05580278, -0.070381664, 0.1574779, 0.080137275, -0.06645794, 0.008828519, 0.017339196, -0.034491677, -0.04359661, 0.025168959, -0.13262813, -0.05499879, -0.043987837, 0.07299428, 0.034754332, 0.01733236, 0.039223112, 0.010577595, -0.07203171, 0.0008285765, 0.07321815, 0.08874003, 0.09552915, -0.06950508, -0.039427694, 0.0728083, 0.035731133, -0.010979739, 0.05698047, -0.030957503, 0.04198664, -0.08005035, 0.0633749, 0.024320781, 0.052909948, -0.004785207, -0.014146888, -0.013085977, 0.060070846, -0.04042759, 0.030129582, 0.006838172, -0.047904857, 0.050274346, -0.0406597, 0.014828474, 0.021433512, 0.05734626, 0.08958413, -0.038675673, -0.0373743, -0.11651801, 0.007510615, 0.06005997, 0.0906944, -0.067801856, 0.00756647, -0.038506668, 0.05340493, -0.011056426, -0.033014286, -0.06721213, -0.07197507, -0.047005933, -0.041616667, -0.027293947, 0.008665736, -0.115881644, 0.016991982, -0.051330943, 0.011995581, 0.015258077, 0.06337742, -0.13563421, 0.0358657, -0.0326483, -0.0202027, 0.03997039, -0.1199174, 0.06674852, -0.072031885, -0.03453933, -0.058475997, -0.07170664]}