{"amount_of_iterations": 300, "tokens_list": ["'david'", "'tennant'", "'-'", "'lrb'", "'-'", "'born'", "'david'", "'john'", "'mcdonald'", "';'", "'18'", "'april'", "'1971'", "'-'", "'rrb'", "'-'", "'is'", "'a'", "'scottish'", "'actor'", "'and'", "'voice'", "'actor'", "'.'", "'he'", "'is'", "'best'", "'known'", "'for'", "'his'", "'roles'", "'as'", "'the'", "'tenth'", "'doctor'", "'in'", "'the'", "'british'", "'television'", "'series'", "'doctor'", "'who'", "','", "'alec'", "'hardy'", "'in'", "'broadchurch'", "','", "'giacomo'", "'casanova'", "'in'", "'the'", "'tv'", "'serial'", "'casanova'", "','", "'kilgrave'", "'in'", "'jessica'", "'jones'", "','", "'and'", "'barty'", "'crouch'", "','", "'jr'", "'.'", "'in'", "'the'", "'film'", "'harry'", "'potter'", "'and'", "'the'", "'goblet'", "'of'", "'fire'", "'.'", "'in'", "'addition'", "'to'", "'his'", "'appearances'", "'on'", "'screen'", "','", "'he'", "'has'", "'worked'", "'as'", "'a'", "'voice'", "'actor'", "'and'", "'in'", "'theatre'", "','", "'including'", "'a'", "'critically'", "'acclaimed'", "'stage'", "'production'", "'of'", "'hamlet'", "'.'", "'in'", "'january'", "'2015'", "','", "'tennant'", "'received'", "'the'", "'national'", "'television'", "'award'", "'for'", "'special'", "'recognition'", "'.'"], "scores_list": [-0.022099614, 0.05405532, 0.062666066, 0.028451232, 0.0027333968, -0.03271439, 0.024267523, -0.067039326, -0.03371875, -0.04114914, -0.002809882, -0.013660773, 0.005801591, -0.0045735715, -0.06431686, -0.10064063, 0.082675345, 0.010332901, 0.045444798, 0.020213118, 0.007888392, 0.05183605, 0.06389538, -0.01162576, 0.08869404, 0.046757933, 0.042104907, -0.024578877, -0.048519026, 0.0089414865, 0.0760912, -0.047395147, 0.00063383643, 0.79651487, 0.31506804, -0.022732064, 0.037851024, 0.037062533, -0.074707575, -0.07053662, 0.19723865, -0.0013771679, -0.011700131, 0.05499242, -0.00650667, 0.044137355, 0.040987846, -0.004592276, 0.0100552365, 0.0047463523, -0.014341051, 0.018716538, -0.09729758, -0.0016737905, 0.10459498, 0.009896437, -0.07147344, -0.08818164, -0.10303682, 0.042294517, 0.004885449, -0.012307149, -0.02384778, 0.039549656, -0.08106715, 0.025800662, -0.07049351, 0.039518584, 0.015566015, -0.0129034305, 0.017198958, 0.0051566074, -0.061045732, 0.012370343, -0.085120104, -0.0128525505, -0.0071979472, -0.001245482, 0.015218601, -0.0071360003, -0.05373717, 0.044065505, 0.0063331984, -0.042985447, -0.065936595, 0.045739945, 0.021957703, 0.055618826, -0.014337968, -6.772943e-05, -0.014717903, 0.029995997, 0.0013021859, 0.04527512, -0.04347234, 0.033651013, -0.02858363, 0.02694061, 0.060571596, 0.041936565, 0.029124198, 0.008755024, -0.026550405, 0.085350595, -0.038385633, 0.0437635, 0.005428005, 0.0017719564, -0.0018260429, 0.06262845, 0.032880034, -0.016449008, -0.020451229, -0.0173584, -0.009240161, 0.0014994201, 0.05038754, 0.04752888, 0.042137932, -0.003032202]}