{"amount_of_iterations": 300, "tokens_list": ["'holiday'", "':'", "'a'", "'soldier'", "'is'", "'never'", "'off'", "'duty'", "'is'", "'a'", "'2014'", "'indian'", "'action'", "'thriller'", "'film'", "'written'", "'and'", "'directed'", "'by'", "'a'", "'.'", "'r'", "'.'", "'murugadoss'", "','", "'and'", "'produced'", "'by'", "'vipul'", "'shah'", "'.'", "'it'", "'features'", "'akshay'", "'kumar'", "'and'", "'sonakshi'", "'sinha'", "'in'", "'the'", "'lead'", "'roles'", "','", "'along'", "'with'", "'farhad'", "'as'", "'the'", "'antagonist'", "'in'", "'his'", "'bollywood'", "'debut'", "'and'", "'govinda'", "'in'", "'a'", "'special'", "'appearance'", "'.'", "'it'", "'is'", "'a'", "'remake'", "'of'", "'murugadoss'", "\"'\"", "'own'", "'acclaimed'", "'tamil'", "'film'", "'thuppakki'", "'-'", "'lrb'", "'-'", "'2012'", "'-'", "'rrb'", "'-'", "'.'", "'the'", "'film'", "'released'", "'on'", "'6'", "'june'", "'2014'", "','", "'becoming'", "'the'", "'biggest'", "'net'", "'grosser'", "'of'", "'the'", "'first'", "'half'", "'of'", "'2014'", "'.'", "'akshay'", "'kumar'", "'was'", "'nominated'", "'filmfare'", "'award'", "'for'", "'best'", "'actor'", "'at'", "'60th'", "'filmfare'", "'awards'", "'.'"], "scores_list": [0.1298102, 0.0107767, -0.09260652, 0.056294054, -0.082080275, 0.70697546, 0.26604143, -0.008146197, 0.092462294, -0.037479326, -0.060100574, -0.097770065, -0.012689889, 0.102084525, -0.039636713, 0.027227417, 0.000111003974, 0.1632765, 0.04596744, 0.009447984, 0.038043845, -0.042121813, -0.021158267, -0.14858796, -0.048804704, 0.02627662, -0.011538142, 0.03198526, -0.038557436, -0.014405074, -0.061886907, -0.058653273, -0.014639619, 0.036685016, 0.03378864, -0.02176736, -0.06852415, 0.07555312, -0.08721017, 0.019558448, -0.045108944, -0.044865865, -0.018744752, 0.005163968, -0.015160496, -0.036641482, 0.093926094, -0.02183485, -0.03606728, 0.0028776783, 0.018883435, -0.051748104, -0.0064774686, -0.07585248, -0.026081601, -0.0046437522, -0.009189245, 0.029438104, -0.019601217, 0.05893615, -0.019221244, 0.09324295, -0.014981973, 0.013723133, 0.045628082, -0.077917576, 0.009421949, -0.028553043, 0.008398661, -0.03008516, -0.059848525, -0.06880542, -0.0985029, 0.142417, 0.028908895, -0.06434606, -0.007296975, 0.111153595, -0.031232897, -0.00147214, 0.058635466, -0.004441476, 0.052347895, -0.024843385, 0.028751023, -0.0067537515, 0.13234405, 0.11670893, 0.047557317, -0.08038893, -0.016077304, -0.0036631434, -0.038845118, -0.010018988, -0.014482788, 0.028208457, 0.020157192, 0.06522502, 0.16907495, -0.009823591, -0.08182495, -0.10661028, 0.005902306, -0.054295618, -0.05539265, -0.06265848, 0.062168542, 0.058278266, 0.012194192, 0.06775187, 0.032088004, -0.02756445, -0.007729895, -0.020589968]}