{"amount_of_iterations": 300, "tokens_list": ["'taylor'", "'schilling'", "'-'", "'lrb'", "'-'", "'born'", "'july'", "'27'", "','", "'1984'", "'-'", "'rrb'", "'-'", "'is'", "'an'", "'american'", "'actress'", "'.'", "'she'", "'is'", "'known'", "'for'", "'her'", "'role'", "'as'", "'piper'", "'chapman'", "'on'", "'the'", "'netflix'", "'original'", "'comedy'", "'-'", "'drama'", "'series'", "'orange'", "'is'", "'the'", "'new'", "'black'", "'-'", "'lrb'", "'-'", "'2013'", "'-'", "'-'", "'present'", "'-'", "'rrb'", "'-'", "','", "'for'", "'which'", "'she'", "'received'", "'a'", "'nomination'", "'for'", "'the'", "'primetime'", "'emmy'", "'award'", "'for'", "'outstanding'", "'lead'", "'actress'", "'in'", "'a'", "'comedy'", "'series'", "'and'", "'two'", "'golden'", "'globe'", "'award'", "'nominations'", "'for'", "'best'", "'actress'", "'-'", "'-'", "'television'", "'series'", "'musical'", "'or'", "'comedy'", "'and'", "'best'", "'actress'", "'-'", "'-'", "'television'", "'series'", "'drama'", "'.'", "'she'", "'made'", "'her'", "'film'", "'debut'", "'in'", "'the'", "'2007'", "'drama'", "'dark'", "'matter'", "'.'", "'schilling'", "'also'", "'starred'", "'in'", "'the'", "'short'", "'-'", "'lived'", "'nbc'", "'medical'", "'drama'", "'mercy'", "'-'", "'lrb'", "'-'", "'2009'", "'-'", "'-'", "'10'", "'-'", "'rrb'", "'-'", "'.'", "'her'", "'other'", "'films'", "'include'", "'atlas'", "'shrugged'", "':'", "'part'", "'i'", "'-'", "'lrb'", "'-'", "'2011'", "'-'", "'rrb'", "'-'", "','", "'the'", "'romantic'", "'drama'", "'the'", "'lucky'", "'one'", "'-'", "'lrb'", "'-'", "'2012'", "'-'", "'rrb'", "'-'", "'and'", "'the'", "'comedy'", "'the'", "'overnight'", "'-'", "'lrb'", "'-'", "'2015'", "'-'", "'rrb'", "'-'", "'.'"], "scores_list": [0.0006203211, 0.15604296, 0.09915132, -0.14183147, -0.121576294, -0.052065555, 0.12954652, -0.017706068, 0.0836487, 0.11244793, -0.13182674, 0.051090784, -0.0074835727, 0.064803146, 0.036984738, 0.03173475, 0.063679814, -0.037325673, 0.036126617, 0.017342038, -0.01176981, 0.12805966, -0.061216693, 0.10149176, 0.09380766, -3.33877e-05, -0.066761, 0.004826835, 0.08016423, -0.072559394, 0.007496807, 0.02985309, 0.011173005, 0.025731392, -0.035425607, 0.0030715712, -0.07449407, -0.013540374, 0.17740394, -0.024425257, 0.034352284, 0.057079066, 0.00478368, 0.04678962, 0.03967822, -0.037150998, -0.02506996, -0.015454799, -0.07157786, 0.043877784, 0.02579658, 0.046426997, -0.0015165721, 0.022190362, -0.0046276273, 0.049003843, 0.064265095, -0.16945282, -0.054153707, -0.08387323, 0.07385875, 0.028850257, 0.05362375, -0.12925287, 0.0961358, 0.09408232, 0.041866265, 0.07658202, -0.004041492, 0.043694917, 0.05537987, 0.08605585, -0.045045882, 0.14468472, -0.008203444, -0.025144232, -0.10739768, -0.09303512, -0.015819231, -0.0730154, 0.059283886, -0.10579148, -0.083627686, 0.031466432, -0.0023409505, 0.03206106, -0.007236723, -0.062341888, 0.010573474, 0.077450596, -0.045211382, -0.002190466, -0.022795921, 0.105286606, 0.045383237, -0.00956314, 0.014675073, 0.22564122, 0.011550704, 0.16506259, 0.076405816, -0.09670212, -0.09654378, 0.27396375, 0.08626639, -0.03289508, 0.039273426, 0.074528635, -0.08458331, 0.044628255, -0.08638004, -0.1928206, 0.027444275, -0.114288636, -0.057734042, 0.05359998, 0.01547786, 0.023640703, -0.01104399, -0.030453768, -0.013739783, -0.051421914, -0.04389701, -0.021187145, -0.044731487, 0.04643092, 0.09284531, -0.08153139, 0.02245466, -0.004961935, 0.05921139, 0.049339734, -0.02393691, -0.015060046, 0.09099925, -0.050782412, 0.0017089411, 0.01353196, -0.027234023, 0.016464317, -0.044344395, 0.04575996, 0.04035922, 0.1579164, -0.015754864, 0.1346395, -0.012740797, 0.049266648, 0.080793805, 0.018930806, -0.0031446943, 0.007803232, 0.09921623, -0.006771782, -0.07205972, 0.032068066, 0.042151604, 0.04428577, -0.07141942, -0.035770092, -0.024274705, 0.078240685, -0.069364935, 0.17580868, -0.029324101, 0.097038254, 0.09128429, -0.06316959, 0.017980818, -0.020138972, -0.035986744, -0.014392254, -0.11250206]}