{"amount_of_iterations": 300, "tokens_list": ["'izombie'", "'-'", "'lrb'", "'-'", "'stylized'", "'as'", "'izombie'", "'-'", "'rrb'", "'-'", "'is'", "'an'", "'american'", "'television'", "'series'", "'developed'", "'by'", "'rob'", "'thomas'", "'and'", "'diane'", "'ruggiero'", "'-'", "'wright'", "'for'", "'the'", "'cw'", "'.'", "'it'", "'is'", "'a'", "'loose'", "'adaptation'", "'of'", "'the'", "'comic'", "'book'", "'series'", "'of'", "'the'", "'same'", "'name'", "'created'", "'by'", "'chris'", "'roberson'", "'and'", "'michael'", "'allred'", "','", "'and'", "'published'", "'by'", "'dc'", "'comics'", "'under'", "'their'", "'vertigo'", "'imprint'", "'.'", "'the'", "'series'", "'premiered'", "'on'", "'march'", "'17'", "','", "'2015'", "'.'", "'the'", "'series'", "'was'", "'renewed'", "'for'", "'a'", "'second'", "'season'", "','", "'which'", "'premiered'", "'october'", "'6'", "','", "'2015'", "','", "'and'", "'ran'", "'for'", "'19'", "'episodes'", "'.'", "'on'", "'march'", "'11'", "','", "'2016'", "','", "'the'", "'cw'", "'renewed'", "'the'", "'series'", "'for'", "'a'", "'third'", "'season'", "'of'", "'13'", "'episodes'", "','", "'which'", "'premiered'", "'on'", "'april'", "'4'", "','", "'2017'", "'.'", "'on'", "'may'", "'10'", "','", "'2017'", "','", "'the'", "'cw'", "'renewed'", "'the'", "'series'", "'for'", "'a'", "'fourth'", "'season'", "'.'"], "scores_list": [-0.1414974, -0.08537375, 0.09674419, 0.06602865, 0.02229404, -0.028353589, 0.061317332, 0.09694331, 0.07997866, -0.088625975, -0.083584, -0.034527063, 0.0012993615, 0.06272206, -0.041979037, 0.10798531, 0.015788944, -0.086679436, -0.037388124, 0.09335422, 0.010759779, -0.03538744, -0.058800407, 0.029984588, 0.0116704665, 0.049718488, -0.06527195, -0.10819588, 0.039329972, -0.014324697, 0.013749602, 0.024080567, 0.10230095, 0.017022336, -0.024232535, 0.06731589, -0.029696701, 0.04854479, 0.017457353, 0.061341666, -0.096423216, -0.02757007, 0.06164339, 0.05721928, 0.0068642898, 0.09149079, -0.086651705, 0.003329097, 0.0232554, 0.17891037, -0.10258588, 0.006840133, 0.0003481461, 0.10004736, 0.07263765, -0.010142634, 0.07995936, -0.06425345, 0.08091371, -0.07283297, -0.028743217, -0.0056741997, 0.08117163, -0.04286904, -0.090525836, -0.04508788, -0.034766532, 0.5145678, -0.09780429, -0.03453255, -0.058910176, -0.15585351, 0.08559855, -0.097715154, 0.003385802, -0.09838716, 0.13593498, 0.0024986253, 0.04900303, -0.05916876, -0.03997973, -0.01289366, -0.069005795, 0.3793732, 0.06349739, 0.011300069, 0.12338928, -0.074345134, -0.034012444, 0.043606337, 0.13892008, -0.0029812502, 0.0051677176, 0.051837604, -0.106678694, 0.014493136, 0.021590644, 0.04218482, 0.037445653, 0.013732207, 0.04632446, 0.06781157, -0.03852098, -0.11431579, 0.03755597, 0.13686866, 0.07954133, 0.071124814, -0.0703954, 0.03622827, 0.027625972, -0.15835589, 0.021808498, -0.022924291, 0.006764989, 0.019471018, -0.011514279, -0.056961693, 0.039011598, 0.01239635, -0.019457899, 0.012941362, 0.0011447115, 0.010773997, 0.012451839, 0.0038774388, 0.07360023, 0.008020074, 0.0011607348, -0.02069906, 0.032548454, -0.10316052, 0.017087169, -0.053441245]}