{"amount_of_iterations": 300, "tokens_list": ["'hadera'", "'is'", "'a'", "'city'", "'located'", "'in'", "'the'", "'haifa'", "'district'", "'of'", "'israel'", "','", "'in'", "'the'", "'northern'", "'sharon'", "'region'", "','", "'approximately'", "'45'", "'kilometers'", "'-'", "'lrb'", "'-'", "'28'", "'miles'", "'-'", "'rrb'", "'-'", "'from'", "'the'", "'major'", "'cities'", "'of'", "'tel'", "'aviv'", "'and'", "'haifa'", "'.'", "'the'", "'city'", "'is'", "'located'", "'along'", "'7'", "'km'", "'-'", "'lrb'", "'-'", "'5'", "'mi'", "'-'", "'rrb'", "'-'", "'of'", "'the'", "'israeli'", "'mediterranean'", "'coastal'", "'plain'", "'.'", "'the'", "'city'", "'has'", "'a'", "'population'", "'of'", "'about'", "'91'", "','", "'634'", "','", "'which'", "'includes'", "'a'", "'high'", "'proportion'", "'of'", "'immigrants'", "'arriving'", "'since'", "'1990'", "','", "'notably'", "'from'", "'ethiopia'", "'and'", "'the'", "'former'", "'soviet'", "'union'", "'.'", "'in'", "'it'", "'had'", "'a'", "'population'", "'of'", "'.'", "'hadera'", "'was'", "'established'", "'in'", "'1891'", "'as'", "'a'", "'farming'", "'colony'", "'by'", "'members'", "'of'", "'the'", "'zionist'", "'group'", "','", "'hovevei'", "'zion'", "','", "'from'", "'lithuania'", "'and'", "'latvia'", "'.'", "'by'", "'1948'", "','", "'it'", "'was'", "'a'", "'regional'", "'center'", "'with'", "'a'", "'population'", "'of'", "'11'", "','", "'800'", "'.'", "'in'", "'1952'", "','", "'hadera'", "'was'", "'declared'", "'a'", "'city'", "','", "'with'", "'jurisdiction'", "'over'", "'an'", "'area'", "'of'", "'53'", "','", "'000'", "'dunams'", "'.'"], "scores_list": [0.082675315, -0.13004342, -0.18586098, -0.14765956, -0.035133526, 0.022822738, 0.0100223515, -0.034383375, 0.043703303, -0.05205734, 0.011931343, 0.13995364, 0.014127693, -0.0041544377, -0.03630131, -0.016563015, 0.15130325, 0.0036330933, -0.06998487, -0.055739608, -0.015049159, 0.00013257666, 0.10381263, 0.040183008, -0.061304867, 0.016769744, -0.067230806, 0.09132858, -0.1102459, 0.0104344925, 0.06907294, -0.21926652, 0.11233176, 0.0028544648, -0.0958412, -0.018499272, 0.12189632, 0.027169803, 0.0065235584, -0.05812915, -0.0070517254, 0.094152786, -0.009087389, -0.03602904, 0.03700874, 0.10684601, 0.048832238, 0.076296434, 0.0041361074, 0.043628376, -0.05978221, -0.017181981, 0.04236095, -0.034969598, 0.05567563, 0.16317204, 0.062079556, -0.0077958377, 0.18975212, -0.039538354, -0.0637911, 0.025488982, -0.10297244, -0.020786626, 0.014517991, 0.0262095, 0.06490622, -0.0017195496, 0.0066999584, 0.07823059, -0.10365713, 0.10269827, -0.014252465, -0.07614793, 0.016841343, 0.026758078, 0.07624265, 0.010339132, -0.21538232, 0.065285265, -0.01160556, -0.015087025, 0.0045478363, -0.059439775, 0.18942825, -0.042069472, 0.0023470717, -0.018575145, -0.008435906, -0.06833031, -0.07711434, -0.035828162, -0.03472987, -0.08780474, -0.07022323, 0.03547318, -0.054953836, 0.052081216, -0.0349727, -0.27860388, 0.109316655, -0.12272868, 0.00011045114, -0.015394593, -0.028478952, -0.031742536, -0.16267394, -0.0096102515, 0.12847765, 0.014724936, 0.03359187, 0.010437942, -0.1022823, 0.16761883, -0.077463, -0.021980723, 0.051155686, 0.16710632, -0.033332177, 0.009646466, 0.04860902, 0.015087546, -0.009555504, -0.051154554, 0.04382081, 0.031239513, 0.14360824, 0.04225352, -0.027241819, -0.0665189, -0.0034098856, 0.012450587, 0.0209351, -0.012663986, 0.07628331, 0.03812348, 0.11037707, -0.00047843927, 0.09204723, 0.01396123, -0.015496753, -0.08728837, -0.065928884, -0.13465714, -0.06249252, 0.010497785, -0.10301385, 0.052291945, 0.0012100401, 0.027760789, 0.008129855, 0.1284062, -0.11619993, -0.03462472, -0.0046439893, 0.019557586, -0.10029618, -0.08717687, 0.1146281]}