{"amount_of_iterations": 300, "tokens_list": ["'keeping'", "'up'", "'with'", "'the'", "'joneses'", "'is'", "'a'", "'2016'", "'american'", "'action'", "'comedy'", "'film'", "'directed'", "'by'", "'greg'", "'mottola'", "'and'", "'written'", "'by'", "'michael'", "'lesieur'", "'.'", "'starring'", "'zach'", "'galifianakis'", "','", "'jon'", "'hamm'", "','", "'isla'", "'fisher'", "'and'", "'gal'", "'gadot'", "','", "'the'", "'film'", "'follows'", "'a'", "'suburban'", "'couple'", "'-'", "'lrb'", "'-'", "'galifianakis'", "'and'", "'fisher'", "'-'", "'rrb'", "'-'", "'who'", "'begin'", "'to'", "'suspect'", "'their'", "'new'", "'neighbors'", "'-'", "'lrb'", "'-'", "'hamm'", "'and'", "'gadot'", "'-'", "'rrb'", "'-'", "'are'", "'secret'", "'agents'", "'.'", "'the'", "'film'", "'was'", "'released'", "'on'", "'october'", "'21'", "','", "'2016'", "'by'", "'20th'", "'century'", "'fox'", "','", "'received'", "'generally'", "'negative'", "'reviews'", "'and'", "'was'", "'a'", "'box'", "'office'", "'bomb'", "','", "'grossing'", "'$'", "'29'", "'million'", "'against'", "'its'", "'$'", "'40'", "'million'", "'budget'", "'.'"], "scores_list": [-0.05594841, -0.0003546342, 0.08327814, -0.07947724, 0.18874952, -0.035224184, -0.03246443, 0.15022679, 0.09243343, 0.056874163, 0.1528244, 0.071554765, 0.047093496, 0.15133858, 0.014476977, -0.18187337, 0.063286394, -0.1468085, 0.014552025, 0.038059484, -0.11228704, -0.023702601, 0.16533107, -0.08349997, 0.21327412, -0.12586264, 0.062449884, 0.11567411, 0.09356319, -0.037066232, 0.06219218, 0.18664318, 0.092367746, -0.07442838, 0.050504602, 0.14743274, 0.0843118, 0.16975297, 0.011106289, 0.03989438, 0.09088545, 0.034555953, 0.11736254, 0.1159801, -0.09887193, 0.105024494, 0.033489604, -0.13871612, -0.113332495, 0.04845351, 0.043001376, -0.07093855, -0.06658123, 0.004578124, 0.016880706, 0.0849656, -0.14817119, -0.08019407, -0.06967887, -0.012484104, 0.12516554, -0.050202988, -0.07344867, -0.10753401, -0.1458125, 0.13360785, -0.1303299, 0.104129314, -0.059199184, 0.073215306, 0.09744473, -0.051024783, 0.032145903, 0.015763512, -0.08408926, 0.043082148, 0.13695101, 0.006923793, 0.111605, -0.0006518306, -0.004003323, -0.10482922, -0.07580011, 0.010006525, -0.007685001, 0.118269734, 0.14010398, -0.01822038, -0.03286926, -0.096849576, -0.045676354, 0.031685244, -0.0688313, 0.02888476, -0.10862525, -0.025801092, 0.035325844, 0.07285735, 0.12879997, -0.08693803, -0.085423656, 0.08608099, -0.05804204, 0.006733109, -0.06169235, -0.024595141]}