{"amount_of_iterations": 300, "tokens_list": ["'jack'", "'dorsey'", "'-'", "'lrb'", "'-'", "'born'", "'november'", "'19'", "','", "'1976'", "'-'", "'rrb'", "'-'", "'is'", "'an'", "'american'", "'computer'", "'programmer'", "'and'", "'internet'", "'entrepreneur'", "'widely'", "'known'", "'as'", "'a'", "'co'", "'-'", "'founder'", "'and'", "'ceo'", "'of'", "'twitter'", "','", "'and'", "'as'", "'the'", "'founder'", "'and'", "'ceo'", "'of'", "'square'", "','", "'a'", "'mobile'", "'payments'", "'company'", "'.'", "'in'", "'2008'", "','", "'he'", "'was'", "'named'", "'to'", "'the'", "'mit'", "'technology'", "'review'", "'tr35'", "'as'", "'one'", "'of'", "'the'", "'top'", "'35'", "'innovators'", "'in'", "'the'", "'world'", "'under'", "'the'", "'age'", "'of'", "'35'", "'.'", "'for'", "'2012'", "','", "'the'", "'wall'", "'street'", "'journal'", "'gave'", "'him'", "'the'", "'`'", "'`'", "'innovator'", "'of'", "'the'", "'year'", "'award'", "\"'\"", "\"'\"", "'for'", "'technology'", "'.'"], "scores_list": [0.21780466, 0.030837176, -0.0865264, 0.046867024, -0.091738306, 0.32133585, -0.014749191, 0.38505656, 0.025886167, 0.38082227, 0.17849256, 0.029990613, 0.016968768, 0.14635967, 0.10312974, -0.008239929, 0.09593823, -0.03486339, 0.015099438, -0.012700231, -0.04181916, 0.0072334725, 0.01883606, 0.10983223, 0.015623175, -0.013836368, -0.0402324, 0.006194871, -0.059745666, -0.021558352, 0.034328625, 0.028367499, 0.019493978, 0.10690408, 0.10349685, -0.07375078, -0.18723854, 0.014416974, -0.031244354, -0.07785669, 0.08062843, -0.03682467, -0.05382492, -0.04439497, 0.114118725, -0.100652196, -0.021051615, -0.019720322, 0.112818204, -0.013205178, -0.006270263, -0.10619314, 0.015709875, 0.01321671, -0.012348333, -0.014438101, -0.023220133, 0.021002334, 0.09013181, 0.0066068717, -0.008188122, -0.05688048, 0.0038011374, -0.010618775, -0.0067355544, 0.18931553, 0.10263921, -0.09053366, 0.059110258, -0.0037954117, -0.034575876, -0.15492125, 0.011371653, -0.20676568, -0.092037715, 0.06786169, -0.046306558, -0.07268261, 0.001637605, 0.0938321, 0.09533093, 0.025671132, 0.02921136, 0.001389604, 0.13581382, -0.05250673, -0.0397647, 0.09017235, -0.039575405, 0.09928517, -0.084380604, 0.08500281, -0.087908536, -0.10821369, 0.024909616, 0.07125781, -0.0087558]}