{"amount_of_iterations": 300, "tokens_list": ["'julianne'", "'alexandra'", "'hough'", "'-'", "'lrb'", "'-'", "'-'", "'lsb'", "'-'", "'h\u028cf'", "'-'", "'rsb'", "'-'", "'born'", "'july'", "'20'", "','", "'1988'", "'-'", "'rrb'", "'-'", "'is'", "'an'", "'american'", "'dancer'", "','", "'singer'", "','", "'and'", "'actress'", "'.'", "'she'", "'is'", "'a'", "'two'", "'-'", "'time'", "'professional'", "'champion'", "'of'", "'abc'", "\"'\"", "'s'", "'dancing'", "'with'", "'the'", "'stars'", "'.'", "'she'", "'was'", "'nominated'", "'for'", "'a'", "'creative'", "'arts'", "'primetime'", "'emmy'", "'in'", "'2007'", "'for'", "'outstanding'", "'choreography'", "'in'", "'season'", "'five'", "'of'", "'the'", "'show'", "'.'", "'her'", "'first'", "'leading'", "'acting'", "'role'", "'was'", "'in'", "'the'", "'2011'", "'film'", "'remake'", "'of'", "'footloose'", "'.'", "'in'", "'september'", "'2014'", "','", "'hough'", "'joined'", "'dancing'", "'with'", "'the'", "'stars'", "'as'", "'a'", "'permanent'", "'fourth'", "'judge'", "'.'", "'along'", "'with'", "'her'", "'brother'", "'derek'", "'hough'", "'-'", "'lrb'", "'-'", "'who'", "'is'", "'a'", "'six'", "'-'", "'time'", "'winner'", "'of'", "'the'", "'dancing'", "'show'", "'-'", "'rrb'", "'-'", "'and'", "'tessandra'", "'chavez'", "','", "'she'", "'won'", "'the'", "'primetime'", "'emmy'", "'award'", "'for'", "'outstanding'", "'choreography'", "'in'", "'2015'", "'.'", "'in'", "'2016'", "','", "'she'", "'played'", "'sandy'", "'in'", "'the'", "'live'", "'fox'", "'television'", "'production'", "'of'", "'grease'", "'.'"], "scores_list": [-0.04929957, -0.0018960289, -0.06542514, 0.00051498436, 0.07788991, -0.07693582, -0.06255942, 0.16334069, 0.11342427, -0.07124013, 0.009435685, -0.065890215, -0.025264913, -0.20596421, -0.11815977, 0.070512064, -0.0003274395, -0.08603156, 0.08161273, 0.094317764, 0.054166082, -0.13153961, -0.123204954, 0.010546523, 0.12757961, -0.06834304, 0.093983345, 0.048542127, -0.009864833, -0.1274998, 0.14311895, -0.018305473, 0.10838066, 0.06036167, 0.08819713, 0.021545807, 0.13395533, -0.017647374, -0.04606922, -0.01327024, -0.16612539, -0.05819155, 0.18499999, 0.06441568, 0.070872255, -0.032971993, -0.004799549, -0.0038276515, -0.044566434, -0.052001406, -0.0055706515, 0.07229397, 0.023606945, 0.0021483996, -0.15281148, -0.046301704, -0.19033702, 0.013462658, 0.04193424, 0.119362965, -0.01869561, 0.13111895, 0.1151177, 0.04602966, 0.018852547, 0.04163595, -0.014952952, 0.002996316, 0.05541773, -0.06553836, -0.12614813, -0.03614625, -0.045350913, -0.034787823, -0.08985596, 0.10982994, -0.030116433, 0.08323375, 0.010192544, 0.030598527, -0.025459467, 0.12909219, 0.06809753, -0.02028047, 0.09198824, -0.0021180925, -0.07064308, -0.052762397, 0.01820584, 0.1804398, 0.08407283, -0.097778216, -0.08337951, 0.12793426, 0.03359528, 0.03146568, -0.041690376, 0.06900679, -0.03940424, 0.011041405, 0.025108697, -0.08226119, -0.09257215, 0.14196773, -0.06147956, 0.08155488, -0.045796808, -0.03788661, 0.004816248, 0.016337618, 0.049772277, 0.098565936, -0.061046466, -0.11828833, -0.034219775, 0.012801607, 0.051799335, 0.13155338, -0.043427903, 0.033567116, -0.045181017, 0.050220635, -0.032751724, 0.09379187, -0.01783009, -0.19384791, 0.09699331, -0.042287216, -0.008527394, -0.047968734, -0.013830614, -0.018837754, -0.06848164, 0.06118284, 0.13625216, -0.0669156, 0.021617467, 0.027204279, 0.07267467, 0.1118228, -0.055416454, 0.042982038, 0.048815805, 0.08878208, 0.09612761, 0.10189202, -0.07617266, 0.08813076, -0.050875604, 0.025650006, -0.03226152, 0.06791816, 0.075257875]}