{"amount_of_iterations": 300, "tokens_list": ["'lauren'", "'zoe'", "'`'", "'`'", "'laurie'", "\"'\"", "\"'\"", "'hernandez'", "'-'", "'lrb'", "'-'", "'born'", "'june'", "'9'", "','", "'2000'", "'-'", "'rrb'", "'-'", "'is'", "'an'", "'american'", "'artistic'", "'gymnast'", "'.'", "'she'", "'competed'", "'as'", "'a'", "'member'", "'of'", "'the'", "'u'", "'.'", "'s'", "'.'", "'women'", "\"'\"", "'s'", "'gymnastics'", "'team'", "'at'", "'the'", "'2016'", "'summer'", "'olympics'", "','", "'winning'", "'gold'", "'in'", "'the'", "'team'", "'event'", "'and'", "'silver'", "'on'", "'the'", "'balance'", "'beam'", "'.'", "'in'", "'2016'", "','", "'hernandez'", "'won'", "'season'", "'23'", "'of'", "'dancing'", "'with'", "'the'", "'stars'", "'with'", "'partner'", "'val'", "'chmerkovskiy'", "'.'"], "scores_list": [-0.06269199, 0.054931164, 0.13359517, 0.035990223, 0.058170266, -0.119986214, 0.12643637, 0.21359128, -0.058703665, 0.05556161, -0.0068719834, 0.23948547, 0.090362616, 0.033852674, 0.08665819, 0.11797641, 0.060213912, -0.04124826, 0.032281216, -0.06308274, -0.17407289, -0.0009134854, 0.09037927, 0.15030774, -0.040817685, 0.33816692, -0.25997743, 0.1336619, -0.05657758, 0.31438377, -0.020609723, -0.06912214, -0.0086579295, 0.1455018, 0.1174821, 0.014459591, 0.023964845, -0.042800307, 0.16215804, 0.118102595, 0.012756512, -0.055852834, -0.033353724, -0.105503336, 0.009478551, 0.06993183, 0.13038518, 0.023179358, 0.03151868, 0.1092041, 0.051881872, 0.046112202, 0.1439489, -0.13612485, -0.034052838, 0.03511189, -0.17099306, 0.08175701, 0.24317764, 0.16710797, -0.040981792, 0.0714232, -0.08160011, 0.23484643, 0.096992075, -0.057499904, -0.09881975, 0.046347495, -0.045412824, 0.026998794, -0.073827006, 0.008142929, -0.03651274, 0.044127356, -0.018110812, -0.11013934, 0.014685495]}