{"amount_of_iterations": 300, "tokens_list": ["'dunkirk'", "'is'", "'an'", "'upcoming'", "'english'", "'-'", "'language'", "'war'", "'film'", "'written'", "','", "'co'", "'-'", "'produced'", "','", "'and'", "'directed'", "'by'", "'christopher'", "'nolan'", "'.'", "'set'", "'during'", "'world'", "'war'", "'ii'", "','", "'it'", "'concerns'", "'the'", "'dunkirk'", "'evacuation'", "'.'", "'the'", "'film'", "'is'", "'a'", "'co'", "'-'", "'production'", "'between'", "'the'", "'netherlands'", "','", "'the'", "'united'", "'kingdom'", "','", "'france'", "','", "'and'", "'the'", "'united'", "'states'", "'.'", "'nolan'", "'wrote'", "'the'", "'story'", "'with'", "'the'", "'intention'", "'to'", "'tell'", "'it'", "'from'", "'three'", "'perspectives'", "'-'", "'-'", "'the'", "'air'", "','", "'land'", "'and'", "'sea'", "'.'", "'efforts'", "'were'", "'made'", "'to'", "'create'", "'suspense'", "'solely'", "'through'", "'details'", "','", "'as'", "'the'", "'script'", "'contained'", "'little'", "'dialogue'", "'.'", "'filming'", "'began'", "'on'", "'23'", "'may'", "'2016'", "'in'", "'dunkirk'", "','", "'france'", "','", "'and'", "'was'", "'shot'", "'on'", "'imax'", "'65'", "'mm'", "'and'", "'65'", "'mm'", "'large'", "'format'", "'film'", "'stock'", "'by'", "'cinematographer'", "'hoyte'", "'van'", "'hoytema'", "'.'", "'dunkirk'", "'is'", "'scheduled'", "'to'", "'be'", "'released'", "'on'", "'21'", "'july'", "'2017'", "'in'", "'imax'", "'.'"], "scores_list": [-0.08354646, -0.059406582, 0.010144445, -0.051664654, -0.11841926, 0.017423898, -0.026813744, -0.10616233, 0.0917229, -0.054758362, -0.0014681995, -0.081527665, -0.06763086, -0.030089064, -0.057864767, 0.07329312, 0.09664206, 0.03450535, -0.05935601, 0.07483817, 0.15707351, 0.042648237, -0.088905424, -0.004887309, 0.031735945, -0.0002599035, 0.117651545, 0.012955812, -0.018490367, -0.0947738, -0.03658082, 0.023708554, 0.05347465, 0.08518677, 0.07453715, -0.018068802, -0.08805267, 0.04938675, -0.03367012, -0.012484579, 0.030389883, 0.011281758, 0.030990617, 0.03621537, 0.049449347, -0.019693606, 0.037882335, -0.06401976, 0.12205312, -0.014709845, -0.021104513, -0.0040847273, 0.08268319, -0.015036835, 0.028141527, 0.10088023, -0.13129397, -0.061972104, -0.08728486, 0.022048779, -0.08455466, -0.06984099, 0.054381397, -0.083775125, 0.03917072, -0.0005212827, -0.032971047, 0.100952744, -0.007864194, -0.0017845841, 0.000151767, -0.0948123, -0.0702955, -0.09103958, 0.01828534, 0.06376482, 0.032872308, -0.055377237, -0.03889481, -0.02763241, -0.061176255, -0.017081745, -0.1469441, -0.038193613, 0.084860474, 0.0025327718, 0.04525031, -0.016584385, -0.0008081499, 0.05470321, -0.02013731, 0.019375732, -0.08184114, 0.04538131, 0.17995627, 0.09591663, 0.0013567221, -0.010718218, 0.134481, 0.1543072, 0.048993506, -0.08766753, 0.04186541, -0.034120675, -0.050513163, 0.012617199, -0.35094172, 0.22454198, -0.03307344, 0.1630111, -0.018523632, 0.15438955, 0.003258101, -0.06340304, 0.12275007, 0.026014203, 0.06828167, 0.010049656, -0.25229055, 0.17177114, -0.13062033, -0.13268977, -0.030893154, 0.16082245, -0.0078026038, 0.1460388, -0.13077904, -0.10026051, -0.08937795, 0.044826355, 0.01352696, -0.06310469, 0.07529079, 0.01889115, 0.1016048, -0.015399763, -0.045589812, 0.17295164]}