{"amount_of_iterations": 300, "tokens_list": ["'morena'", "'silva'", "'de'", "'vaz'", "'setta'", "'baccarin'", "'-'", "'lrb'", "'-'", "'-'", "'lsb'", "'-'", "'mo\u02c8\u027een\u0250'", "'\u02c8baka\u027ei'", "'-'", "'rsb'", "'-'", "';'", "'born'", "'june'", "'2'", "','", "'1979'", "'-'", "'rrb'", "'-'", "'is'", "'a'", "'brazilian'", "'american'", "'actress'", "'.'", "'she'", "'is'", "'known'", "'for'", "'portraying'", "'inara'", "'serra'", "'in'", "'the'", "'series'", "'firefly'", "'and'", "'the'", "'follow'", "'-'", "'up'", "'film'", "'serenity'", "','", "'adria'", "'in'", "'the'", "'series'", "'stargate'", "'sg'", "'-'", "'1'", "'and'", "'the'", "'follow'", "'-'", "'up'", "'film'", "'stargate'", "':'", "'the'", "'ark'", "'of'", "'truth'", "','", "'anna'", "'in'", "'the'", "'2009'", "'version'", "'of'", "'the'", "'series'", "'v'", "','", "'vanessa'", "'in'", "'the'", "'superhero'", "'comedy'", "'film'", "'deadpool'", "','", "'and'", "'jessica'", "'brody'", "'in'", "'the'", "'showtime'", "'series'", "'homeland'", "'-'", "'lrb'", "'-'", "'for'", "'which'", "'she'", "'received'", "'an'", "'emmy'", "'nomination'", "'for'", "'outstanding'", "'supporting'", "'actress'", "'in'", "'a'", "'drama'", "'series'", "'in'", "'2013'", "'-'", "'rrb'", "'-'", "'.'", "'she'", "'plays'", "'the'", "'role'", "'of'", "'dr'", "'.'", "'leslie'", "'thompkins'", "'in'", "'the'", "'fox'", "'television'", "'series'", "'gotham'", "'.'"], "scores_list": [-0.12181003, -0.005112474, 0.050093815, -0.16495661, -0.064215586, 0.09869895, 0.05226929, 0.034524485, -0.083484486, -0.0013608781, -0.041705113, 0.022218686, 0.17681502, 0.05648087, 0.07467752, 0.13233365, 0.015230108, 0.04368292, -0.010550285, 0.013630319, -0.057746783, 0.106256045, -0.06025702, -0.098343745, -0.043335296, 0.1024409, 0.065231256, 0.08714999, -0.011010026, -0.037973166, 0.14468399, 0.105073, 0.030037059, -0.08531376, -0.014607132, -0.041149035, 0.0445587, -0.08439387, -0.17964503, -0.109387934, 0.065758675, 0.14956208, 0.051553622, 0.049059074, 0.010394921, 0.09439685, 0.008748285, 0.15204383, -0.0015233803, -0.044788, -0.092641145, -0.16055988, -0.11490204, -0.021994647, 0.09759089, 0.16207772, 0.0730884, -0.0516309, -0.14920606, -0.10317501, 0.016297994, 0.012855741, -0.09591519, -0.019811286, -0.027982801, -0.07501609, -0.1790078, 0.06661135, -0.088185914, -0.052960876, -0.072862975, 0.056418475, -0.003132097, -0.04214716, 0.073329516, -0.027843326, -0.1676447, 0.06777034, 0.0021987895, -0.050988328, -0.12677062, -0.13343765, -0.13047035, -0.043855604, -0.08987535, -0.0101107685, 0.13859066, -0.004722402, -0.049699266, 0.0034313772, -0.05710984, -0.057987772, -0.10296444, 0.10238093, 0.03968361, 0.075774625, -0.13238063, -0.08257109, -0.052939948, 0.075600296, -0.121193334, -0.044640172, -0.0074993777, 0.044976808, -0.06471245, -0.04934397, -0.079319954, 0.07033887, -0.029913988, -0.14363545, -0.06422795, 0.043268032, -0.05560872, 0.07171404, 0.009173083, -0.14723776, -0.09648714, -0.05409616, -0.058611415, 0.088832244, -0.0510762, -0.02103991, -0.045359377, 0.015790425, -0.123511, 0.08215207, -0.11237429, -0.051017765, -0.02192634, 0.06314822, 0.033631273, -0.051110193, -0.08196437, -0.116669856, -0.018001834, 0.06447728, 0.012068057, -0.01672293]}