{"amount_of_iterations": 300, "tokens_list": ["'ryder'", "'system'", "','", "'inc'", "'.'", "','", "'or'", "'ryder'", "','", "'is'", "'an'", "'american'", "'-'", "'based'", "'provider'", "'of'", "'transportation'", "'and'", "'supply'", "'chain'", "'management'", "'products'", "','", "'and'", "'is'", "'especially'", "'known'", "'for'", "'its'", "'fleet'", "'of'", "'rental'", "'trucks'", "'.'", "'ryder'", "'specializes'", "'in'", "'fleet'", "'management'", "','", "'supply'", "'chain'", "'management'", "'and'", "'dedicated'", "'contracted'", "'carriage'", "'.'", "'ryder'", "'operates'", "'in'", "'north'", "'america'", "','", "'the'", "'united'", "'kingdom'", "'and'", "'asia'", "'.'", "'it'", "'has'", "'its'", "'headquarters'", "'in'", "'suburban'", "'miami'", "','", "'florida'", "'within'", "'miami'", "'-'", "'dade'", "'county'", "'.'"], "scores_list": [0.0010284006, -0.12376084, -0.06029766, 0.10137696, 0.06424017, 0.122623846, 0.05327503, 0.13998571, -0.14804694, -0.056564033, 0.13888119, -0.064926244, -0.13309366, -0.097905554, 0.07175206, 0.08940691, 0.4547417, -0.010394958, 0.03432245, -0.0067444234, -0.15260166, -0.14426787, 0.005196305, -0.029606894, -0.113051414, -0.00095353497, 0.05164041, 0.09625546, -0.036551367, 0.15633847, 0.022365822, 0.15208738, 0.38350722, -0.0030358091, -0.04125185, -0.1676476, -0.055457428, 0.19148915, -0.114016466, 0.06712749, 0.017519582, -0.11525856, -0.100614786, 0.123049915, 0.04209993, 0.16390865, 0.15268354, 0.04229479, -0.092527, 0.08039395, 0.08143499, 0.07116853, 0.08756836, 0.08165145, -0.07425031, 0.095240355, 0.024005247, 0.13336776, -0.045291085, -0.0237678, 0.10676075, -0.065203644, -0.05804053, 0.0055741505, -0.056492817, -0.1424339, -0.06351872, -0.0041410457, -0.14250164, -0.026609318, -0.022319429, -0.10181917, 0.06944921, 0.08199766, -0.13962859]}